timestamp,open,high,low,close,volume,sma_20,signal,balance_usdt,balance_btc,total_balance
2023-06-01 00:00:00,27210.36,27350.0,27023.35,27065.77,2772.82443,,0,500.0,0.01,770.6577
2023-06-01 01:00:00,27065.76,27165.47,27059.74,27078.56,1785.47203,,0,500.0,0.01,770.7856
2023-06-01 02:00:00,27078.56,27114.16,26640.0,26719.26,3775.37874,,0,500.0,0.01,767.1926
2023-06-01 03:00:00,26719.26,26838.89,26605.05,26779.94,2879.51275,,0,500.0,0.01,767.7994
2023-06-01 04:00:00,26779.93,26822.81,26746.0,26804.15,1223.77081,,0,500.0,0.01,768.0415
2023-06-01 05:00:00,26804.14,26863.62,26784.89,26849.2,786.7396,,0,500.0,0.01,768.492
2023-06-01 06:00:00,26849.2,26883.6,26778.08,26785.13,1305.19049,,0,500.0,0.01,767.8513
2023-06-01 07:00:00,26785.14,26864.09,26764.16,26802.67,1298.07343,,0,500.0,0.01,768.0267
2023-06-01 08:00:00,26802.66,26922.76,26790.96,26912.53,1139.4347,,0,500.0,0.01,769.1252999999999
2023-06-01 09:00:00,26912.54,26951.07,26899.54,26908.63,1023.37411,,0,500.0,0.01,769.0862999999999
2023-06-01 10:00:00,26908.63,26934.83,26858.33,26860.0,894.7211,,0,500.0,0.01,768.6
2023-06-01 11:00:00,26860.0,26905.02,26841.65,26892.96,1218.03791,,0,500.0,0.01,768.9295999999999
2023-06-01 12:00:00,26892.95,26964.88,26782.53,26941.79,1939.00748,,0,500.0,0.01,769.4179
2023-06-01 13:00:00,26941.8,26971.07,26867.95,26891.74,1377.22419,,0,500.0,0.01,768.9174
2023-06-01 14:00:00,26891.74,26981.34,26833.01,26898.08,2050.06214,,0,500.0,0.01,768.9808
2023-06-01 15:00:00,26898.07,26947.24,26860.01,26894.48,1115.38165,,0,500.0,0.01,768.9448
2023-06-01 16:00:00,26894.47,27175.0,26795.06,27092.08,3182.53568,,0,500.0,0.01,770.9208000000001
2023-06-01 17:00:00,27092.07,27137.42,26916.29,26956.94,2445.80688,,0,500.0,0.01,769.5694
2023-06-01 18:00:00,26956.93,27048.43,26938.06,26964.77,907.67826,,0,500.0,0.01,769.6477
2023-06-01 19:00:00,26964.76,26984.68,26656.0,26862.68,2438.22631,26898.068,-1,768.6268,0.0,768.6268
2023-06-01 20:00:00,26862.68,26919.99,26828.82,26863.0,875.88118,26887.9295,-1,768.6268,0.0,768.6268
2023-06-01 21:00:00,26862.99,26942.98,26855.77,26889.84,837.24211,26878.4935,1,763.6268,0.00018594383603621293,768.6268
2023-06-01 22:00:00,26889.85,26902.43,26849.43,26880.97,751.81829,26886.578999999998,-1,768.6251506781744,0.0,768.6251506781744
2023-06-01 23:00:00,26880.97,26883.51,26713.34,26817.93,1194.41453,26888.478500000005,-1,768.6251506781744,0.0,768.6251506781744
2023-06-02 00:00:00,26817.93,26824.64,26505.0,26786.03,3258.7619,26887.5725,-1,768.6251506781744,0.0,768.6251506781744
2023-06-02 01:00:00,26786.04,26849.09,26716.8,26811.9,1616.17119,26885.7075,-1,768.6251506781744,0.0,768.6251506781744
2023-06-02 02:00:00,26811.89,26984.26,26811.89,26960.01,1391.57953,26894.451500000003,1,763.6251506781744,0.00018545987186206533,768.6251506781744
2023-06-02 03:00:00,26960.01,27017.0,26932.16,27000.0,749.52898,26904.318,1,763.6251506781744,0.00018545987186206533,768.6325672184502
2023-06-02 04:00:00,27000.01,27120.0,26949.4,27068.27,1679.75278,26912.105,1,763.6251506781744,0.00018545987186206533,768.6452285639022
2023-06-02 05:00:00,27068.27,27213.0,27064.96,27152.6,2395.14389,26924.303499999998,1,763.6251506781744,0.00018545987186206533,768.6608683948963
2023-06-02 06:00:00,27152.6,27164.94,27068.0,27071.06,1558.53392,26934.8565,1,763.6251506781744,0.00018545987186206533,768.6457459969446
2023-06-02 07:00:00,27071.05,27114.16,27045.8,27049.65,1223.21395,26942.691000000003,1,763.6251506781744,0.00018545987186206533,768.641775301088
2023-06-02 08:00:00,27049.65,27172.39,27049.38,27166.14,984.41797,26953.908499999998,1,763.6251506781744,0.00018545987186206533,768.6633795215613
2023-06-02 09:00:00,27166.13,27183.07,27068.47,27080.68,1108.38127,26963.355499999998,1,763.6251506781744,0.00018545987186206533,768.6475301209119
2023-06-02 10:00:00,27080.68,27104.2,27061.6,27096.99,603.14207,26973.301,1,763.6251506781744,0.00018545987186206533,768.650554971422
2023-06-02 11:00:00,27096.98,27171.46,27072.55,27130.75,881.16869,26985.114500000003,1,763.6251506781744,0.00018545987186206533,768.656816096696
2023-06-02 12:00:00,27130.75,27240.0,26987.0,27095.42,3559.44337,26985.2815,1,763.6251506781744,0.00018545987186206533,768.6502637994232
2023-06-02 13:00:00,27095.43,27134.4,26860.71,26908.84,2607.33789,26982.876500000002,-1,768.6156606965312,0.0,768.6156606965312
2023-06-02 14:00:00,26908.85,26986.08,26890.0,26964.74,1685.83953,26982.875,-1,768.6156606965312,0.0,768.6156606965312
2023-06-02 15:00:00,26964.75,27107.34,26962.99,27095.92,1248.06997,26994.537,1,763.6156606965312,0.00018452962660061,768.6156606965312
2023-06-02 16:00:00,27095.93,27120.02,27032.93,27056.06,1402.81796,27004.190000000002,1,763.6156606965312,0.00018452962660061,768.6083053456149
2023-06-02 17:00:00,27056.06,27093.82,27023.58,27057.58,952.23822,27012.577,1,763.6156606965312,0.00018452962660061,768.6085858306474
2023-06-02 18:00:00,27057.57,27193.62,27006.22,27192.6,1502.23473,27028.1585,1,763.6156606965312,0.00018452962660061,768.633501020831
2023-06-02 19:00:00,27192.61,27287.64,27131.02,27239.02,2437.06595,27049.213,1,763.6156606965312,0.00018452962660061,768.6420668860977
2023-06-02 20:00:00,27239.03,27274.1,27172.84,27172.84,1339.76508,27068.553499999998,1,763.6156606965312,0.00018452962660061,768.6298547154094
2023-06-02 21:00:00,27172.84,27246.11,27143.37,27207.4,868.89438,27088.328499999996,1,763.6156606965312,0.00018452962660061,768.6362320593047
2023-06-02 22:00:00,27207.41,27300.0,27199.0,27262.92,855.95607,27103.474,1,763.6156606965312,0.00018452962660061,768.6464771441736
2023-06-02 23:00:00,27262.91,27269.22,27229.9,27242.59,471.4434,27115.603500000005,1,763.6156606965312,0.00018452962660061,768.6427256568647
2023-06-03 00:00:00,27242.59,27242.6,27152.2,27165.09,678.25975,27120.4445,1,763.6156606965312,0.00018452962660061,768.6284246108032
2023-06-03 01:00:00,27165.08,27189.4,27092.0,27130.4,1101.74244,27119.334500000004,1,763.6156606965312,0.00018452962660061,768.6220232780564
2023-06-03 02:00:00,27130.41,27169.26,27129.17,27153.26,612.83696,27123.4445,1,763.6156606965312,0.00018452962660061,768.6262416253205
2023-06-03 03:00:00,27153.26,27171.47,27131.89,27143.2,323.04687,27128.122000000003,1,763.6156606965312,0.00018452962660061,768.6243852572769
2023-06-03 04:00:00,27143.2,27163.77,27105.73,27160.24,420.01096,27127.827,1,763.6156606965312,0.00018452962660061,768.6275296421142
2023-06-03 05:00:00,27160.24,27168.4,27137.34,27157.2,370.29837,27131.653000000002,1,763.6156606965312,0.00018452962660061,768.6269686720493
2023-06-03 06:00:00,27157.2,27212.78,27157.2,27182.35,551.27991,27135.921000000002,1,763.6156606965312,0.00018452962660061,768.6316095921583
2023-06-03 07:00:00,27182.35,27200.01,27165.23,27174.42,480.87524,27138.104499999998,1,763.6156606965312,0.00018452962660061,768.6301462722193
2023-06-03 08:00:00,27174.42,27181.0,27141.94,27146.62,394.76994,27140.664499999995,1,763.6156606965312,0.00018452962660061,768.6250163485998
2023-06-03 09:00:00,27146.62,27151.52,27129.41,27151.51,379.06522,27152.798,-1,768.6259186984739,0.0,768.6259186984739
2023-06-03 10:00:00,27151.51,27180.03,27112.73,27140.0,736.47675,27161.560999999998,-1,768.6259186984739,0.0,768.6259186984739
2023-06-03 11:00:00,27139.99,27171.48,27123.74,27129.79,510.67532,27163.2545,-1,768.6259186984739,0.0,768.6259186984739
2023-06-03 12:00:00,27129.78,27173.73,27129.78,27165.81,479.78328,27168.742,-1,768.6259186984739,0.0,768.6259186984739
2023-06-03 13:00:00,27165.81,27183.99,27149.88,27166.98,520.87423,27174.212,-1,768.6259186984739,0.0,768.6259186984739
2023-06-03 14:00:00,27166.97,27193.62,27166.97,27171.24,439.7442,27173.144,-1,768.6259186984739,0.0,768.6259186984739
2023-06-03 15:00:00,27171.25,27333.29,27126.85,27305.26,1647.91895,27176.456,1,763.6259186984739,0.0001831149016709601,768.6259186984739
2023-06-03 16:00:00,27305.27,27318.63,27227.19,27248.48,1156.43612,27180.238,1,763.6259186984739,0.0001831149016709601,768.615521434357
2023-06-03 17:00:00,27248.49,27253.57,27111.79,27160.9,1185.19741,27177.913,-1,768.5994842312687,0.0,768.5994842312687
2023-06-03 18:00:00,27160.91,27183.09,27125.34,27147.43,634.17095,27172.1385,-1,768.5994842312687,0.0,768.5994842312687
2023-06-03 19:00:00,27147.44,27163.13,27025.59,27096.36,1111.9535,27164.827,-1,768.5994842312687,0.0,768.5994842312687
2023-06-03 20:00:00,27096.37,27124.68,27054.41,27062.33,698.85558,27159.689000000002,-1,768.5994842312687,0.0,768.5994842312687
2023-06-03 21:00:00,27062.34,27074.66,26914.93,27004.41,1401.33078,27153.389499999997,-1,768.5994842312687,0.0,768.5994842312687
2023-06-03 22:00:00,27004.41,27079.79,27004.4,27071.55,431.07884,27149.304000000004,-1,768.5994842312687,0.0,768.5994842312687
2023-06-03 23:00:00,27071.55,27085.51,27050.38,27069.22,328.6596,27145.605,-1,768.5994842312687,0.0,768.5994842312687
2023-06-04 00:00:00,27069.22,27069.23,27001.59,27005.13,492.5209,27137.8495,-1,768.5994842312687,0.0,768.5994842312687
2023-06-04 01:00:00,27005.13,27079.79,26951.0,27041.03,704.48666,27132.041000000005,-1,768.5994842312687,0.0,768.5994842312687
2023-06-04 02:00:00,27041.04,27100.43,27034.13,27091.27,448.49261,27127.487,-1,768.5994842312687,0.0,768.5994842312687
2023-06-04 03:00:00,27091.28,27091.28,27042.85,27061.38,372.13858,27121.835,-1,768.5994842312687,0.0,768.5994842312687
2023-06-04 04:00:00,27061.37,27083.56,27042.37,27054.95,377.40749,27117.251500000002,-1,768.5994842312687,0.0,768.5994842312687
2023-06-04 05:00:00,27054.95,27056.47,27027.0,27038.63,250.41259,27111.607500000002,-1,768.5994842312687,0.0,768.5994842312687
2023-06-04 06:00:00,27038.62,27141.7,27038.62,27127.78,892.17539,27110.996499999997,1,763.5994842312687,0.0001843129072854469,768.5994842312687
2023-06-04 07:00:00,27127.78,27163.94,27127.78,27150.45,938.24329,27112.029499999997,1,763.5994842312687,0.0001843129072854469,768.6036626048768
2023-06-04 08:00:00,27150.46,27158.12,27123.81,27150.82,458.66225,27111.28,1,763.5994842312687,0.0001843129072854469,768.6037308006526
2023-06-04 09:00:00,27150.81,27249.86,27150.81,27215.89,806.3478,27113.7255,1,763.5994842312687,0.0001843129072854469,768.6157240415296
2023-06-04 10:00:00,27215.88,27230.17,27190.34,27221.05,532.53164,27116.215999999997,1,763.5994842312687,0.0001843129072854469,768.6166750961312
2023-06-04 11:00:00,27221.06,27235.67,27175.51,27198.55,939.50915,27110.8805,1,763.5994842312687,0.0001843129072854469,768.6125280557172
2023-06-04 12:00:00,27198.54,27216.58,27160.11,27210.1,736.78595,27108.961499999998,1,763.5994842312687,0.0001843129072854469,768.6146568697964
2023-06-04 13:00:00,27210.1,27298.0,27206.36,27245.46,963.22786,27113.1895,1,763.5994842312687,0.0001843129072854469,768.621174174198
2023-06-04 14:00:00,27245.47,27271.05,27170.0,27234.2,1120.61661,27117.528,1,763.5994842312687,0.0001843129072854469,768.6190988108619
2023-06-04 15:00:00,27234.2,27244.58,27178.99,27179.0,627.04149,27121.659999999996,1,763.5994842312687,0.0001843129072854469,768.6089247383799
2023-06-04 16:00:00,27179.0,27197.98,27155.0,27170.66,709.24706,27127.076500000003,1,763.5994842312687,0.0001843129072854469,768.6073875687331
2023-06-04 17:00:00,27170.66,27210.41,27168.05,27176.76,429.63017,27135.694,1,763.5994842312687,0.0001843129072854469,768.6085118774675
2023-06-04 18:00:00,27176.75,27209.03,27176.75,27194.18,488.86549,27141.8255,1,763.5994842312687,0.0001843129072854469,768.6117226083124
2023-06-04 19:00:00,27194.19,27222.0,27188.49,27213.11,358.87616,27149.02,1,763.5994842312687,0.0001843129072854469,768.6152116516473
2023-06-04 20:00:00,27213.11,27269.09,27205.84,27241.51,546.99091,27160.839,1,763.5994842312687,0.0001843129072854469,768.6204461382142
2023-06-04 21:00:00,27241.5,27280.0,27187.39,27194.57,630.62225,27168.515999999996,1,763.5994842312687,0.0001843129072854469,768.6117944903463
2023-06-04 22:00:00,27194.57,27455.02,27188.27,27234.06,3633.43419,27175.6555,1,763.5994842312687,0.0001843129072854469,768.6190730070549
2023-06-04 23:00:00,27234.06,27319.84,27043.65,27115.21,1800.144,27178.346999999998,-1,768.5971674180241,0.0,768.5971674180241
2023-06-05 00:00:00,27115.2,27129.33,26966.0,27024.76,1770.73298,27176.8375,-1,768.5971674180241,0.0,768.5971674180241
2023-06-05 01:00:00,27024.75,27054.97,26948.1,27047.14,1087.24287,27177.263,-1,768.5971674180241,0.0,768.5971674180241
2023-06-05 02:00:00,27047.14,27079.05,26859.0,26922.71,1366.6475,27167.009499999996,-1,768.5971674180241,0.0,768.5971674180241
2023-06-05 03:00:00,26922.72,26924.81,26791.04,26843.58,2225.14224,27151.665999999997,-1,768.5971674180241,0.0,768.5971674180241
2023-06-05 04:00:00,26843.57,26870.54,26769.51,26837.0,1119.14678,27135.975,-1,768.5971674180241,0.0,768.5971674180241
2023-06-05 05:00:00,26837.0,26837.91,26740.38,26816.7,1838.2393,27116.0155,-1,768.5971674180241,0.0,768.5971674180241
2023-06-05 06:00:00,26816.7,26834.63,26761.26,26765.34,1222.38539,27093.23,-1,768.5971674180241,0.0,768.5971674180241
2023-06-05 07:00:00,26765.33,26832.38,26742.13,26829.99,1242.361,27074.802000000003,-1,768.5971674180241,0.0,768.5971674180241
2023-06-05 08:00:00,26830.0,26840.77,26794.79,26798.64,837.57029,27054.229,-1,768.5971674180241,0.0,768.5971674180241
2023-06-05 09:00:00,26798.63,26825.09,26713.74,26776.99,1324.97756,27030.8055,-1,768.5971674180241,0.0,768.5971674180241
2023-06-05 10:00:00,26777.0,26792.7,26714.0,26716.8,1350.86586,27004.9355,-1,768.5971674180241,0.0,768.5971674180241
2023-06-05 11:00:00,26716.8,26799.66,26668.0,26773.39,1210.05222,26984.655,-1,768.5971674180241,0.0,768.5971674180241
2023-06-05 12:00:00,26773.39,26782.63,26654.39,26690.76,1525.13085,26960.659999999996,-1,768.5971674180241,0.0,768.5971674180241
2023-06-05 13:00:00,26690.76,26765.3,26640.0,26728.64,1517.5261,26938.253999999997,-1,768.5971674180241,0.0,768.5971674180241
2023-06-05 14:00:00,26728.63,26817.61,26699.99,26802.21,1631.85739,26918.6555,-1,768.5971674180241,0.0,768.5971674180241
2023-06-05 15:00:00,26802.21,26809.59,26000.0,26007.53,10045.19226,26858.376500000002,-1,768.5971674180241,0.0,768.5971674180241
2023-06-05 16:00:00,26007.53,26074.51,25471.0,25809.05,15303.29987,26786.7535,-1,768.5971674180241,0.0,768.5971674180241
2023-06-05 17:00:00,25809.05,25809.7,25578.96,25756.28,4108.6381,26714.839,-1,768.5971674180241,0.0,768.5971674180241
2023-06-05 18:00:00,25756.27,25756.28,25526.15,25564.43,3580.96488,26631.357500000002,-1,768.5971674180241,0.0,768.5971674180241
2023-06-05 19:00:00,25564.42,25637.82,25388.0,25629.99,4463.15529,26557.096499999996,-1,768.5971674180241,0.0,768.5971674180241
2023-06-05 20:00:00,25630.0,25680.01,25587.47,25631.16,1859.43545,26487.416500000003,-1,768.5971674180241,0.0,768.5971674180241
2023-06-05 21:00:00,25631.15,25685.84,25509.98,25658.35,1572.51351,26417.977000000003,-1,768.5971674180241,0.0,768.5971674180241
2023-06-05 22:00:00,25658.35,25774.9,25647.29,25710.73,1838.0922,26357.377999999997,-1,768.5971674180241,0.0,768.5971674180241
2023-06-05 23:00:00,25710.74,25858.42,25701.42,25728.2,1764.43316,26301.609000000004,-1,768.5971674180241,0.0,768.5971674180241
2023-06-06 00:00:00,25728.2,25756.34,25675.26,25690.89,1829.55213,26244.3035,-1,768.5971674180241,0.0,768.5971674180241
2023-06-06 01:00:00,25690.89,25695.59,25611.9,25640.01,1515.07302,26185.469,-1,768.5971674180241,0.0,768.5971674180241
2023-06-06 02:00:00,25640.02,25801.09,25601.0,25764.76,1638.10867,26135.44,-1,768.5971674180241,0.0,768.5971674180241
2023-06-06 03:00:00,25764.76,25764.76,25712.02,25730.83,754.55594,26080.482,-1,768.5971674180241,0.0,768.5971674180241
2023-06-06 04:00:00,25730.83,25806.6,25726.11,25797.65,679.57161,26030.4325,-1,768.5971674180241,0.0,768.5971674180241
2023-06-06 05:00:00,25797.66,25821.41,25758.0,25769.95,942.45063,25980.0805,-1,768.5971674180241,0.0,768.5971674180241
2023-06-06 06:00:00,25769.96,25807.63,25752.6,25766.21,1146.56549,25932.551,-1,768.5971674180241,0.0,768.5971674180241
2023-06-06 07:00:00,25766.21,25809.9,25706.18,25722.33,1793.86272,25879.998,-1,768.5971674180241,0.0,768.5971674180241
2023-06-06 08:00:00,25722.34,25746.03,25670.9,25707.8,1185.0488,25830.85,-1,768.5971674180241,0.0,768.5971674180241
2023-06-06 09:00:00,25707.8,25789.71,25691.72,25750.76,791.97455,25781.956,-1,768.5971674180241,0.0,768.5971674180241
2023-06-06 10:00:00,25750.75,25797.0,25741.99,25742.36,861.22598,25728.9635,1,763.5971674180241,0.00019423238584185753,768.5971674180241
2023-06-06 11:00:00,25742.36,25749.17,25640.33,25686.64,1867.16747,25712.919,-1,768.586344789485,0.0,768.586344789485
2023-06-06 12:00:00,25686.64,25737.23,25351.02,25533.41,5378.21189,25699.137,-1,768.586344789485,0.0,768.586344789485
2023-06-06 13:00:00,25533.41,25784.31,25385.8,25735.2,4315.54458,25698.083000000002,1,763.586344789485,0.00019428642481892505,768.586344789485
2023-06-06 14:00:00,25735.2,26111.15,25735.2,26024.73,6006.62536,25721.098,1,763.586344789485,0.00019428642481892505,768.6425965380628
2023-06-06 15:00:00,26024.72,26143.69,25925.85,26066.11,2880.24787,25742.904,1,763.586344789485,0.00019428642481892505,768.6506361103218
2023-06-06 16:00:00,26066.12,26401.0,26066.11,26369.99,3915.54382,25779.845500000003,1,763.586344789485,0.00019428642481892505,768.7096758690958
2023-06-06 17:00:00,26370.0,26780.0,26290.56,26669.16,8776.3447,25830.386000000002,1,763.586344789485,0.00019428642481892505,768.7678005388088
2023-06-06 18:00:00,26669.16,26782.52,26637.64,26698.08,2926.69288,25879.7535,1,763.586344789485,0.00019428642481892505,768.7734193022146
2023-06-06 19:00:00,26698.08,27216.89,26690.93,27080.13,6336.18815,25947.35,1,763.586344789485,0.00019428642481892505,768.8476464308167
2023-06-06 20:00:00,27080.12,27222.0,26857.92,26944.98,5242.13695,26010.054500000002,1,763.586344789485,0.00019428642481892505,768.8213886205025
2023-06-06 21:00:00,26944.99,27092.82,26938.06,27057.03,2014.79907,26080.9055,1,763.586344789485,0.00019428642481892505,768.8431584144034
2023-06-06 22:00:00,27057.03,27188.46,27044.34,27152.65,1842.84082,26150.3,1,763.586344789485,0.00019428642481892505,768.8617360823446
2023-06-06 23:00:00,27152.66,27355.33,27120.02,27230.08,3752.27128,26225.2625,1,763.586344789485,0.00019428642481892505,768.8767796802183
2023-06-07 00:00:00,27230.07,27391.77,27163.06,27179.8,2992.02834,26294.370000000003,1,763.586344789485,0.00019428642481892505,768.8670109587785
2023-06-07 01:00:00,27179.8,27222.14,27065.89,27085.83,2618.44012,26360.164,1,763.586344789485,0.00019428642481892505,768.8487538634382
2023-06-07 02:00:00,27085.82,27093.95,26912.69,26943.69,2657.89391,26419.038,1,763.586344789485,0.00019428642481892505,768.8211379910144
2023-06-07 03:00:00,26943.68,26967.88,26720.47,26909.01,3105.70144,26478.372000000003,1,763.586344789485,0.00019428642481892505,768.8144001378017
2023-06-07 04:00:00,26909.01,26965.0,26874.76,26933.12,1266.22184,26539.638,1,763.586344789485,0.00019428642481892505,768.8190843835041
2023-06-07 05:00:00,26933.11,26980.04,26871.71,26912.99,1028.78255,26597.749499999998,1,763.586344789485,0.00019428642481892505,768.8151733977725
2023-06-07 06:00:00,26912.99,26943.9,26814.71,26829.3,1276.59358,26652.096499999996,1,763.586344789485,0.00019428642481892505,768.7989135668794
2023-06-07 07:00:00,26829.3,26899.99,26753.01,26795.87,1823.54312,26707.557999999997,1,763.586344789485,0.00019428642481892505,768.7924185716977
2023-06-07 08:00:00,26795.87,26840.9,26761.41,26816.47,1198.72003,26771.711,1,763.586344789485,0.00019428642481892505,768.796420872049
2023-06-07 09:00:00,26816.47,26816.47,26428.58,26486.28,3819.66805,26809.265000000003,-1,768.732269437438,0.0,768.732269437438
2023-06-07 10:00:00,26486.28,26629.99,26352.0,26595.74,3987.08298,26837.815500000004,-1,768.732269437438,0.0,768.732269437438
2023-06-07 11:00:00,26595.73,26968.0,26579.6,26896.14,3293.93935,26879.317,1,763.732269437438,0.00018590028160174658,768.732269437438
2023-06-07 12:00:00,26896.14,26932.1,26743.02,26802.35,2251.66556,26900.935000000005,-1,768.7148338500266,0.0,768.7148338500266
2023-06-07 13:00:00,26802.35,26864.26,26670.94,26818.62,2295.14329,26908.408000000003,-1,768.7148338500266,0.0,768.7148338500266
2023-06-07 14:00:00,26818.63,26818.63,26340.55,26443.57,5906.95885,26895.682500000003,-1,768.7148338500266,0.0,768.7148338500266
2023-06-07 15:00:00,26443.56,26679.03,26236.0,26349.52,5675.3498,26859.151999999995,-1,768.7148338500266,0.0,768.7148338500266
2023-06-07 16:00:00,26349.52,26439.34,26240.47,26329.16,3138.06466,26828.360999999997,-1,768.7148338500266,0.0,768.7148338500266
2023-06-07 17:00:00,26329.15,26553.78,26272.63,26507.04,2310.94402,26800.8615,-1,768.7148338500266,0.0,768.7148338500266
2023-06-07 18:00:00,26507.05,26530.08,26441.56,26472.94,1192.52054,26766.876,-1,768.7148338500266,0.0,768.7148338500266
2023-06-07 19:00:00,26472.95,26531.05,26442.37,26482.42,1028.3047,26729.493,-1,768.7148338500266,0.0,768.7148338500266
2023-06-07 20:00:00,26482.43,26493.3,26317.4,26359.93,1711.09205,26688.499499999998,-1,768.7148338500266,0.0,768.7148338500266
2023-06-07 21:00:00,26359.94,26457.23,26125.01,26156.0,2031.37972,26642.008,-1,768.7148338500266,0.0,768.7148338500266
2023-06-07 22:00:00,26154.52,26373.33,26132.4,26275.9,1989.36987,26608.6185,-1,768.7148338500266,0.0,768.7148338500266
2023-06-07 23:00:00,26275.9,26364.95,26257.35,26339.34,1020.03527,26580.135,-1,768.7148338500266,0.0,768.7148338500266
2023-06-08 00:00:00,26339.34,26440.49,26305.11,26390.01,1503.99009,26552.979499999998,-1,768.7148338500266,0.0,768.7148338500266
2023-06-08 01:00:00,26390.01,26470.0,26383.9,26443.6,1022.65527,26529.51,-1,768.7148338500266,0.0,768.7148338500266
2023-06-08 02:00:00,26443.6,26446.0,26363.48,26386.51,1033.29331,26507.3705,-1,768.7148338500266,0.0,768.7148338500266
2023-06-08 03:00:00,26386.5,26386.51,26210.0,26344.17,1658.6812,26484.785499999998,-1,768.7148338500266,0.0,768.7148338500266
2023-06-08 04:00:00,26344.16,26428.06,26326.19,26400.97,718.48832,26464.010499999997,-1,768.7148338500266,0.0,768.7148338500266
2023-06-08 05:00:00,26400.96,26435.22,26350.0,26377.51,839.63098,26458.571999999996,-1,768.7148338500266,0.0,768.7148338500266
2023-06-08 06:00:00,26377.51,26495.01,26290.19,26427.34,1115.90348,26450.152000000002,-1,768.7148338500266,0.0,768.7148338500266
2023-06-08 07:00:00,26427.34,26523.93,26416.92,26444.69,1051.35051,26427.5795,1,763.7148338500266,0.00018907387456612273,768.7148338500266
2023-06-08 08:00:00,26444.68,26463.99,26403.87,26441.54,620.38652,26409.539,1,763.7148338500266,0.00018907387456612273,768.7142382673217
2023-06-08 09:00:00,26441.55,26444.18,26370.0,26385.06,750.87232,26387.860999999997,-1,768.7035593748863,0.0,768.7035593748863
2023-06-08 10:00:00,26385.05,26496.1,26368.04,26484.77,799.15752,26389.921000000002,1,763.7035593748863,0.00018878774480578838,768.7035593748863
2023-06-08 11:00:00,26484.77,26504.94,26408.92,26432.0,1034.12004,26394.045000000002,1,763.7035593748863,0.00018878774480578838,768.6935970455928
2023-06-08 12:00:00,26432.01,26575.95,26370.0,26462.9,2417.66604,26400.732,1,763.7035593748863,0.00018878774480578838,768.6994305869074
2023-06-08 13:00:00,26462.9,26479.0,26300.0,26400.93,2457.93413,26395.4265,1,763.7035593748863,0.00018878774480578838,768.6877314103617
2023-06-08 14:00:00,26400.92,26686.87,26351.32,26648.55,2988.17396,26404.207000000002,1,763.7035593748863,0.00018878774480578838,768.7344790317305
2023-06-08 15:00:00,26648.54,26810.0,26579.97,26721.68,2794.1661,26416.170000000002,1,763.7035593748863,0.00018878774480578838,768.7482850795082
2023-06-08 16:00:00,26721.69,26732.24,26414.02,26498.4,2839.83235,26423.0935,1,763.7035593748863,0.00018878774480578838,768.706132551848
2023-06-08 17:00:00,26498.39,26515.12,26435.01,26485.0,976.46959,26439.5435,1,763.7035593748863,0.00018878774480578838,768.7036027960676
2023-06-08 18:00:00,26485.0,26571.99,26442.0,26550.0,1050.51441,26453.248499999998,1,763.7035593748863,0.00018878774480578838,768.71587399948
2023-06-08 19:00:00,26550.0,26564.38,26515.99,26539.9,591.34861,26463.2765,1,763.7035593748863,0.00018878774480578838,768.7139672432573
2023-06-08 20:00:00,26539.86,26649.97,26521.07,26637.3,958.11632,26475.640999999996,1,763.7035593748863,0.00018878774480578838,768.7323551696015
2023-06-08 21:00:00,26637.31,26644.51,26552.0,26573.42,663.12157,26482.132,1,763.7035593748863,0.00018878774480578838,768.7202954084632
2023-06-08 22:00:00,26573.42,26601.77,26525.89,26544.38,545.50744,26490.0255,1,763.7035593748863,0.00018878774480578838,768.7148130123542
2023-06-08 23:00:00,26544.39,26553.53,26488.01,26498.61,644.13075,26497.747499999998,1,763.7035593748863,0.00018878774480578838,768.7061721972743
2023-06-09 00:00:00,26498.62,26509.72,26430.0,26456.95,935.16043,26500.546500000004,-1,768.6983072998257,0.0,768.6983072998257
2023-06-09 01:00:00,26456.95,26596.58,26439.98,26504.21,1113.87611,26506.8815,-1,768.6983072998257,0.0,768.6983072998257
2023-06-09 02:00:00,26504.21,26537.18,26269.91,26457.51,2532.48238,26508.390000000003,-1,768.6983072998257,0.0,768.6983072998257
2023-06-09 03:00:00,26457.5,26501.75,26439.11,26483.7,741.0086,26510.340500000002,-1,768.6983072998257,0.0,768.6983072998257
2023-06-09 04:00:00,26483.69,26507.11,26424.35,26491.38,877.26907,26512.8325,-1,768.6983072998257,0.0,768.6983072998257
2023-06-09 05:00:00,26491.38,26533.3,26475.51,26504.54,683.74932,26518.8065,-1,768.6983072998257,0.0,768.6983072998257
2023-06-09 06:00:00,26504.54,26576.55,26475.24,26492.93,1051.33756,26519.214500000002,-1,768.6983072998257,0.0,768.6983072998257
2023-06-09 07:00:00,26492.92,26500.0,26440.38,26493.43,1003.56886,26522.286,-1,768.6983072998257,0.0,768.6983072998257
2023-06-09 08:00:00,26493.44,26650.0,26491.66,26642.37,1657.03118,26531.259500000004,1,763.6983072998257,0.00018767099173234213,768.6983072998257
2023-06-09 09:00:00,26642.38,26685.43,26591.0,26639.03,1272.2901,26543.164500000003,1,763.6983072998257,0.00018767099173234213,768.6976804787133
2023-06-09 10:00:00,26639.03,26675.82,26602.51,26635.4,988.92677,26542.507,1,763.6983072998257,0.00018767099173234213,768.6969992330133
2023-06-09 11:00:00,26635.39,26644.96,26560.0,26610.19,968.93409,26536.932500000003,1,763.6983072998257,0.00018767099173234213,768.6922680473118
2023-06-09 12:00:00,26610.18,26699.99,26610.18,26673.76,1186.0818,26545.7005,1,763.6983072998257,0.00018767099173234213,768.7041982922563
2023-06-09 13:00:00,26673.75,26783.33,26627.21,26634.65,2351.81394,26553.183,1,763.6983072998257,0.00018767099173234213,768.6968584797695
2023-06-09 14:00:00,26634.64,26712.52,26536.96,26594.64,1793.16256,26555.415,1,763.6983072998257,0.00018767099173234213,768.6893497633904
2023-06-09 15:00:00,26594.63,26633.76,26452.86,26477.37,1874.5623,26552.288500000002,-1,768.6673415861899,0.0,768.6673415861899
2023-06-09 16:00:00,26477.36,26529.54,26442.98,26482.84,1257.10608,26544.565499999997,-1,768.6673415861899,0.0,768.6673415861899
2023-06-09 17:00:00,26482.83,26515.0,26417.92,26496.06,1105.22958,26540.6975,-1,768.6673415861899,0.0,768.6673415861899
2023-06-09 18:00:00,26496.05,26516.71,26412.44,26450.0,917.15989,26535.978500000005,-1,768.6673415861899,0.0,768.6673415861899
2023-06-09 19:00:00,26450.0,26490.0,26383.05,26407.15,1165.90636,26531.4055,-1,768.6673415861899,0.0,768.6673415861899
2023-06-09 20:00:00,26407.15,26470.0,26397.11,26451.16,869.25481,26531.116,-1,768.6673415861899,0.0,768.6673415861899
2023-06-09 21:00:00,26451.16,26499.5,26445.75,26479.52,534.364,26529.8815,-1,768.6673415861899,0.0,768.6673415861899
2023-06-09 22:00:00,26479.51,26500.0,26458.07,26492.69,472.82674,26531.640499999998,-1,768.6673415861899,0.0,768.6673415861899
2023-06-09 23:00:00,26492.69,26498.17,26449.78,26477.81,581.60717,26531.346,-1,768.6673415861899,0.0,768.6673415861899
2023-06-10 00:00:00,26477.8,26487.26,26450.0,26459.99,665.29959,26529.7765,-1,768.6673415861899,0.0,768.6673415861899
2023-06-10 01:00:00,26459.99,26533.87,26311.31,26396.93,1547.82949,26524.396,-1,768.6673415861899,0.0,768.6673415861899
2023-06-10 02:00:00,26396.94,26437.08,26280.0,26326.92,1554.34919,26516.095500000003,-1,768.6673415861899,0.0,768.6673415861899
2023-06-10 03:00:00,26326.93,26365.74,26266.0,26323.07,1254.18152,26507.577500000003,-1,768.6673415861899,0.0,768.6673415861899
2023-06-10 04:00:00,26323.07,26349.17,25715.46,25765.28,9775.41263,26463.722999999998,-1,768.6673415861899,0.0,768.6673415861899
2023-06-10 05:00:00,25765.29,25808.12,25456.41,25518.06,7756.38422,26407.6745,-1,768.6673415861899,0.0,768.6673415861899
2023-06-10 06:00:00,25518.06,25638.93,25457.46,25538.81,5172.6708,26352.845,-1,768.6673415861899,0.0,768.6673415861899
2023-06-10 07:00:00,25538.81,25743.8,25493.27,25651.09,5389.58832,26304.890000000003,-1,768.6673415861899,0.0,768.6673415861899
2023-06-10 08:00:00,25651.08,25750.25,25561.25,25669.07,3349.48241,26254.6555,-1,768.6673415861899,0.0,768.6673415861899
2023-06-10 09:00:00,25669.06,25682.78,25614.85,25651.88,1441.75021,26205.517,-1,768.6673415861899,0.0,768.6673415861899
2023-06-10 10:00:00,25651.89,25701.68,25598.49,25698.31,1177.12476,26160.7005,-1,768.6673415861899,0.0,768.6673415861899
2023-06-10 11:00:00,25698.3,25739.29,25659.07,25731.4,1197.11154,26123.402000000002,-1,768.6673415861899,0.0,768.6673415861899
2023-06-10 12:00:00,25731.41,25731.41,25608.58,25616.18,1533.2788,26080.069,-1,768.6673415861899,0.0,768.6673415861899
2023-06-10 13:00:00,25616.19,25679.06,25572.94,25657.49,1219.23391,26038.1405,-1,768.6673415861899,0.0,768.6673415861899
2023-06-10 14:00:00,25657.5,25706.57,25627.0,25668.34,1412.86466,25999.057500000003,-1,768.6673415861899,0.0,768.6673415861899
2023-06-10 15:00:00,25668.35,25679.93,25600.0,25628.8,1103.39326,25960.14,-1,768.6673415861899,0.0,768.6673415861899
2023-06-10 16:00:00,25628.81,25649.5,25582.01,25588.67,1188.53634,25917.0155,-1,768.6673415861899,0.0,768.6673415861899
2023-06-10 17:00:00,25588.67,26154.0,25400.0,26022.34,7288.3803,25894.1565,1,763.6673415861899,0.00019214259747586112,768.6673415861899
2023-06-10 18:00:00,26022.34,26043.49,25358.0,25547.28,4939.79125,25846.886,-1,768.576062323833,0.0,768.576062323833
2023-06-10 19:00:00,25547.28,25750.95,25540.56,25750.0,1558.2151,25810.495499999997,-1,768.576062323833,0.0,768.576062323833
2023-06-10 20:00:00,25750.01,25873.54,25679.59,25751.25,1741.52798,25775.0585,-1,768.576062323833,0.0,768.576062323833
2023-06-10 21:00:00,25751.25,25829.72,25687.26,25761.28,928.70332,25743.276,1,763.576062323833,0.00019408973467156912,768.576062323833
2023-06-10 22:00:00,25761.29,25932.02,25745.78,25875.16,1084.6685,25720.688000000002,1,763.576062323833,0.00019408973467156912,768.5981652628174
2023-06-10 23:00:00,25875.17,25892.38,25830.0,25841.21,664.82298,25696.595,1,763.576062323833,0.00019408973467156912,768.5915759163253
2023-06-11 00:00:00,25841.22,25850.0,25730.86,25750.28,1006.26589,25695.844999999998,1,763.576062323833,0.00019408973467156912,768.5739273367516
2023-06-11 01:00:00,25750.27,25864.32,25718.97,25824.99,1035.45895,25711.191499999997,1,763.576062323833,0.00019408973467156912,768.5884277808289
2023-06-11 02:00:00,25824.99,25827.93,25747.28,25766.72,1166.38053,25722.587,1,763.576062323833,0.00019408973467156912,768.5771181719896
2023-06-11 03:00:00,25766.71,25770.0,25695.0,25727.51,1010.00082,25726.408000000003,1,763.576062323833,0.00019408973467156912,768.5695079134931
2023-06-11 04:00:00,25727.51,25759.99,25634.7,25727.74,1218.85905,25729.341500000002,-1,768.5695525541321,0.0,768.5695525541321
2023-06-11 05:00:00,25727.74,25834.59,25727.74,25819.1,913.31373,25737.7025,1,763.5695525541321,0.00019365508480156165,768.5695525541321
2023-06-11 06:00:00,25819.1,25823.91,25767.34,25786.49,595.08665,25742.111500000003,1,763.5695525541321,0.00019365508480156165,768.5632374618167
2023-06-11 07:00:00,25786.49,25796.88,25740.02,25741.33,941.71498,25742.608,-1,768.554491998187,0.0,768.554491998187
2023-06-11 08:00:00,25741.32,25768.54,25695.08,25740.2,643.87081,25748.809,-1,768.554491998187,0.0,768.554491998187
2023-06-11 09:00:00,25740.21,25772.97,25701.42,25706.26,797.94329,25751.2475,-1,768.554491998187,0.0,768.554491998187
2023-06-11 10:00:00,25706.25,25795.27,25695.0,25774.08,1170.50916,25756.5345,1,763.554491998187,0.00019399334525228444,768.554491998187
2023-06-11 11:00:00,25774.08,25842.44,25757.13,25796.06,1164.36338,25764.8975,1,763.554491998187,0.00019399334525228444,768.5587559719156
2023-06-11 12:00:00,25796.05,25798.72,25747.61,25750.0,809.95086,25772.964,-1,768.5498206384333,0.0,768.5498206384333
2023-06-11 13:00:00,25750.01,25776.13,25672.68,25703.33,1389.19458,25757.0135,-1,768.5498206384333,0.0,768.5498206384333
2023-06-11 14:00:00,25703.32,25806.11,25694.72,25753.19,950.1524,25767.309,-1,768.5498206384333,0.0,768.5498206384333
2023-06-11 15:00:00,25753.18,25778.08,25732.95,25751.36,932.80837,25767.377,-1,768.5498206384333,0.0,768.5498206384333
2023-06-11 16:00:00,25751.36,25953.24,25738.07,25868.39,2437.41159,25773.234,1,763.5498206384333,0.00019328609163538977,768.5498206384333
2023-06-11 17:00:00,25868.39,26080.74,25836.88,25941.63,2832.13906,25782.2515,1,763.5498206384333,0.00019328609163538977,768.5639769117847
2023-06-11 18:00:00,25941.63,26047.58,25927.86,25975.0,1574.00804,25787.2435,1,763.5498206384333,0.00019328609163538977,768.5704268686626
2023-06-11 19:00:00,25974.99,26106.66,25934.56,26030.89,1470.74385,25796.7275,1,763.5498206384333,0.00019328609163538977,768.5812296283241
2023-06-11 20:00:00,26030.89,26206.88,26030.88,26123.68,1809.46899,25815.3975,1,763.5498206384333,0.00019328609163538977,768.5991646447669
2023-06-11 21:00:00,26123.69,26139.78,25972.64,26046.37,963.47924,25826.4665,1,763.5498206384333,0.00019328609163538977,768.5842216970226
2023-06-11 22:00:00,26046.37,26070.0,25745.03,25895.8,2097.21566,25832.9205,1,763.5498206384333,0.00019328609163538977,768.555118610205
2023-06-11 23:00:00,25895.79,25938.8,25819.66,25925.55,1083.95607,25842.822500000002,1,763.5498206384333,0.00019328609163538977,768.5608688714311
2023-06-12 00:00:00,25925.54,26028.5,25856.84,25965.13,1363.72265,25854.692000000003,1,763.5498206384333,0.00019328609163538977,768.5685191349381
2023-06-12 01:00:00,25965.13,26000.0,25891.66,25935.17,1111.02989,25860.4955,1,763.5498206384333,0.00019328609163538977,768.5627282836327
2023-06-12 02:00:00,25935.17,25959.56,25602.11,25773.47,3157.17512,25859.8445,-1,768.5314739226153,0.0,768.5314739226153
2023-06-12 03:00:00,25773.48,25848.84,25752.87,25791.29,1034.01167,25862.342500000002,-1,768.5314739226153,0.0,768.5314739226153
2023-06-12 04:00:00,25791.29,25823.53,25756.57,25814.98,1104.75677,25866.0815,-1,768.5314739226153,0.0,768.5314739226153
2023-06-12 05:00:00,25814.99,25818.89,25762.57,25772.8,771.01816,25869.408499999998,-1,768.5314739226153,0.0,768.5314739226153
2023-06-12 06:00:00,25772.8,25905.63,25744.06,25844.34,1131.26471,25872.9215,-1,768.5314739226153,0.0,768.5314739226153
2023-06-12 07:00:00,25844.34,25858.31,25773.2,25802.98,889.02955,25873.267499999998,-1,768.5314739226153,0.0,768.5314739226153
2023-06-12 08:00:00,25802.97,25948.91,25780.0,25939.32,1461.74645,25882.7335,1,763.5314739226153,0.0001927575587949106,768.5314739226153
2023-06-12 09:00:00,25939.31,26106.48,25920.0,25965.1,2237.04529,25895.821999999996,1,763.5314739226153,0.0001927575587949106,768.536443212481
2023-06-12 10:00:00,25965.1,26059.59,25944.18,25964.59,1224.51558,25906.392,1,763.5314739226153,0.0001927575587949106,768.536344906126
2023-06-12 11:00:00,25964.6,26029.25,25936.3,25988.83,910.4549,25918.2655,1,763.5314739226153,0.0001927575587949106,768.5410173493513
2023-06-12 12:00:00,25988.82,25993.6,25899.89,25933.1,967.00744,25921.501,1,763.5314739226153,0.0001927575587949106,768.5302749705996
2023-06-12 13:00:00,25933.1,25933.11,25779.71,25798.3,1714.07782,25914.3345,-1,768.5042912516741,0.0,768.5042912516741
2023-06-12 14:00:00,25798.29,25878.84,25734.47,25846.35,1501.21474,25907.902000000002,-1,768.5042912516741,0.0,768.5042912516741
2023-06-12 15:00:00,25846.35,25866.34,25766.86,25824.63,1285.36761,25897.589,-1,768.5042912516741,0.0,768.5042912516741
2023-06-12 16:00:00,25824.63,25905.23,25789.26,25825.41,1232.739,25882.6755,-1,768.5042912516741,0.0,768.5042912516741
2023-06-12 17:00:00,25825.41,25966.18,25652.04,25804.56,2309.53466,25870.585,-1,768.5042912516741,0.0,768.5042912516741
2023-06-12 18:00:00,25804.55,25863.48,25756.77,25845.31,864.86544,25868.0605,-1,768.5042912516741,0.0,768.5042912516741
2023-06-12 19:00:00,25845.32,25851.27,25761.47,25824.23,807.4572,25862.994499999997,-1,768.5042912516741,0.0,768.5042912516741
2023-06-12 20:00:00,25824.23,25898.99,25804.3,25893.48,745.83335,25859.412,1,763.5042912516741,0.00019309880325085697,768.5042912516741
2023-06-12 21:00:00,25893.48,25939.33,25880.12,25930.52,649.35736,25859.1795,1,763.5042912516741,0.00019309880325085697,768.5114436313465
2023-06-12 22:00:00,25930.52,25970.05,25888.98,25929.93,788.63176,25867.002500000002,1,763.5042912516741,0.00019309880325085697,768.5113297030526
2023-06-12 23:00:00,25929.93,25938.48,25870.0,25905.19,638.65181,25872.6975,1,763.5042912516741,0.00019309880325085697,768.5065524386602
2023-06-13 00:00:00,25905.2,26033.91,25820.0,25868.89,1834.85547,25875.393,-1,768.4995429521022,0.0,768.4995429521022
2023-06-13 01:00:00,25868.88,26048.7,25818.07,25970.67,1294.33307,25885.2865,1,763.4995429521022,0.00019252487517649718,768.4995429521022
2023-06-13 02:00:00,25970.67,26157.99,25937.11,26125.49,2041.22597,25899.344,1,763.4995429521022,0.00019252487517649718,768.529349653277
2023-06-13 03:00:00,26125.49,26151.37,26043.04,26063.85,1476.54989,25912.3875,1,763.4995429521022,0.00019252487517649718,768.5174824199711
2023-06-13 04:00:00,26063.85,26070.18,25973.7,26055.51,1005.47285,25918.197,1,763.4995429521022,0.00019252487517649718,768.5158767625121
2023-06-13 05:00:00,26055.51,26121.01,26030.89,26080.82,1109.71017,25923.983,1,763.4995429521022,0.00019252487517649718,768.5207495671028
2023-06-13 06:00:00,26080.82,26133.03,26054.56,26080.01,806.11619,25929.754,1,763.4995429521022,0.00019252487517649718,768.5205936219539
2023-06-13 07:00:00,26080.01,26114.94,26070.0,26073.92,732.88273,25934.0085,1,763.4995429521022,0.00019252487517649718,768.5194211454641
2023-06-13 08:00:00,26073.91,26272.25,26060.77,26176.83,2197.84688,25946.195,1,763.4995429521022,0.00019252487517649718,768.5392338803686
2023-06-13 09:00:00,26176.82,26206.81,26105.09,26147.37,1514.76235,25963.648500000003,1,763.4995429521022,0.00019252487517649718,768.5335620975459
2023-06-13 10:00:00,26147.37,26170.89,26111.91,26156.31,940.55651,25979.1465,1,763.4995429521022,0.00019252487517649718,768.5352832699299
2023-06-13 11:00:00,26156.31,26212.5,26086.9,26191.81,2621.02821,25997.5055,1,763.4995429521022,0.00019252487517649718,768.5421179029987
2023-06-13 12:00:00,26191.81,26433.21,25891.25,26082.29,6842.52332,26010.3495,1,763.4995429521022,0.00019252487517649718,768.5210325786694
2023-06-13 13:00:00,26082.29,26143.68,26001.64,26032.92,2780.76467,26021.767499999998,1,763.4995429521022,0.00019252487517649718,768.511527625582
2023-06-13 14:00:00,26032.91,26050.0,25901.07,25985.67,2400.96975,26028.7855,-1,768.5024308252298,0.0,768.5024308252298
2023-06-13 15:00:00,25985.66,25985.67,25712.57,25759.54,3923.18742,26025.551,-1,768.5024308252298,0.0,768.5024308252298
2023-06-13 16:00:00,25759.54,25880.3,25739.38,25865.29,1682.8275,26024.141499999998,-1,768.5024308252298,0.0,768.5024308252298
2023-06-13 17:00:00,25865.3,25893.46,25777.44,25821.88,1126.74634,26018.7095,-1,768.5024308252298,0.0,768.5024308252298
2023-06-13 18:00:00,25821.87,25978.37,25802.79,25889.63,1208.09908,26016.694499999998,-1,768.5024308252298,0.0,768.5024308252298
2023-06-13 19:00:00,25889.64,25928.72,25868.99,25902.84,564.47241,26016.576999999997,-1,768.5024308252298,0.0,768.5024308252298
2023-06-13 20:00:00,25902.83,25959.26,25821.83,25847.98,1213.06145,26015.5315,-1,768.5024308252298,0.0,768.5024308252298
2023-06-13 21:00:00,25847.97,25880.64,25817.72,25847.45,715.16853,26009.370499999997,-1,768.5024308252298,0.0,768.5024308252298
2023-06-13 22:00:00,25847.44,25863.29,25808.1,25840.0,419.40495,25995.095999999998,-1,768.5024308252298,0.0,768.5024308252298
2023-06-13 23:00:00,25840.01,25937.66,25840.0,25934.25,613.04282,25988.616,-1,768.5024308252298,0.0,768.5024308252298
2023-06-14 00:00:00,25934.24,26030.0,25911.6,25989.72,1127.65179,25985.3265,1,763.5024308252298,0.00019238375788581023,768.5024308252298
2023-06-14 01:00:00,25989.72,26052.5,25957.95,26046.27,757.63957,25983.599,1,763.5024308252298,0.00019238375788581023,768.5133101267382
2023-06-14 02:00:00,26046.27,26055.99,26013.6,26027.4,688.05766,25980.9685,1,763.5024308252298,0.00019238375788581023,768.509679845227
2023-06-14 03:00:00,26027.4,26031.68,25964.46,25985.07,677.42228,25976.526,1,763.5024308252298,0.00019238375788581023,768.5015362407556
2023-06-14 04:00:00,25985.06,26005.36,25967.16,25981.01,581.10579,25966.734999999997,1,763.5024308252298,0.00019238375788581023,768.5007551626986
2023-06-14 05:00:00,25981.0,25984.83,25837.13,25845.14,947.05325,25951.623499999998,-1,768.4746159815147,0.0,768.4746159815147
2023-06-14 06:00:00,25845.14,25925.13,25840.0,25894.54,591.60636,25938.535,-1,768.4746159815147,0.0,768.4746159815147
2023-06-14 07:00:00,25894.53,25923.84,25872.02,25897.72,995.8449,25923.8305,-1,768.4746159815147,0.0,768.4746159815147
2023-06-14 08:00:00,25897.71,25942.88,25885.35,25928.3,682.54353,25916.131,1,763.4746159815147,0.00019283948427008328,768.4746159815147
2023-06-14 09:00:00,25928.3,25989.98,25911.23,25980.53,693.04545,25913.5115,1,763.4746159815147,0.00019283948427008328,768.4846879877781
2023-06-14 10:00:00,25980.53,25988.67,25939.04,25956.99,784.08866,25912.0775,1,763.4746159815147,0.00019283948427008328,768.4801485463184
2023-06-14 11:00:00,25957.0,26028.58,25950.0,25975.71,970.02164,25922.886000000002,1,763.4746159815147,0.00019283948427008328,768.483758501464
2023-06-14 12:00:00,25975.71,26085.33,25963.1,26022.15,1554.08203,25930.729,1,763.4746159815147,0.00019283948427008328,768.4927139671134
2023-06-14 13:00:00,26022.15,26029.98,25927.22,25990.0,1394.33783,25939.135000000002,1,763.4746159815147,0.00019283948427008328,768.4865141776942
2023-06-14 14:00:00,25990.0,26030.0,25970.0,26001.27,958.62879,25944.717,1,763.4746159815147,0.00019283948427008328,768.4886874786819
2023-06-14 15:00:00,26001.26,26020.0,25950.0,25986.75,786.48022,25948.9125,1,763.4746159815147,0.00019283948427008328,768.4858874493704
2023-06-14 16:00:00,25986.74,26012.02,25962.25,25965.86,723.52435,25954.8065,1,763.4746159815147,0.00019283948427008328,768.4818590325439
2023-06-14 17:00:00,25965.87,26045.0,25888.0,26027.04,2025.51272,25963.786,1,763.4746159815147,0.00019283948427008328,768.4936569521916
2023-06-14 18:00:00,26027.03,26098.0,25753.38,25915.03,4206.21158,25967.5375,-1,768.4720570015585,0.0,768.4720570015585
2023-06-14 19:00:00,25915.02,25979.45,25833.88,25874.59,1576.36842,25964.554500000002,-1,768.4720570015585,0.0,768.4720570015585
2023-06-14 20:00:00,25874.58,25879.69,24820.56,24934.21,13801.71624,25911.779000000002,-1,768.4720570015585,0.0,768.4720570015585
2023-06-14 21:00:00,24934.21,25190.03,24826.08,25121.25,4418.26518,25865.528,-1,768.4720570015585,0.0,768.4720570015585
2023-06-14 22:00:00,25121.25,25121.25,24950.0,25034.98,2326.53078,25815.907,-1,768.4720570015585,0.0,768.4720570015585
2023-06-14 23:00:00,25034.98,25140.0,24972.37,25128.6,1809.57706,25773.0835,-1,768.4720570015585,0.0,768.4720570015585
2023-06-15 00:00:00,25128.6,25206.52,25084.26,25206.51,1307.44938,25734.358500000002,-1,768.4720570015585,0.0,768.4720570015585
2023-06-15 01:00:00,25206.52,25206.52,25030.01,25064.79,1269.01361,25695.341,-1,768.4720570015585,0.0,768.4720570015585
2023-06-15 02:00:00,25064.79,25133.86,25050.73,25083.79,857.0912,25654.803499999998,-1,768.4720570015585,0.0,768.4720570015585
2023-06-15 03:00:00,25083.79,25093.69,25051.91,25065.35,821.83214,25613.185,-1,768.4720570015585,0.0,768.4720570015585
2023-06-15 04:00:00,25065.35,25065.35,24980.0,25028.15,1458.4525,25568.177499999998,-1,768.4720570015585,0.0,768.4720570015585
2023-06-15 05:00:00,25028.15,25056.48,24924.61,25031.42,1845.1595,25520.722,-1,768.4720570015585,0.0,768.4720570015585
2023-06-15 06:00:00,25031.42,25072.35,24906.0,24927.95,2303.79392,25469.27,-1,768.4720570015585,0.0,768.4720570015585
2023-06-15 07:00:00,24927.94,25007.14,24872.35,24983.8,2125.73065,25419.6745,-1,768.4720570015585,0.0,768.4720570015585
2023-06-15 08:00:00,24983.81,25048.0,24960.0,24974.26,1760.88886,25367.28,-1,768.4720570015585,0.0,768.4720570015585
2023-06-15 09:00:00,24974.27,25011.75,24900.38,24947.71,2346.93133,25315.1655,-1,768.4720570015585,0.0,768.4720570015585
2023-06-15 10:00:00,24947.71,24975.17,24873.05,24923.51,1649.06568,25261.2775,-1,768.4720570015585,0.0,768.4720570015585
2023-06-15 11:00:00,24923.51,25050.0,24800.0,25014.97,3027.89388,25212.688499999997,-1,768.4720570015585,0.0,768.4720570015585
2023-06-15 12:00:00,25014.97,25037.63,24921.11,24954.45,2136.83793,25162.118,-1,768.4720570015585,0.0,768.4720570015585
2023-06-15 13:00:00,24954.45,25108.54,24940.0,25055.22,3171.54536,25113.527,-1,768.4720570015585,0.0,768.4720570015585
2023-06-15 14:00:00,25055.22,25079.15,24992.05,25014.62,1660.89608,25068.5065,-1,768.4720570015585,0.0,768.4720570015585
2023-06-15 15:00:00,25014.62,25033.23,24953.02,24959.95,1465.75293,25022.7745,-1,768.4720570015585,0.0,768.4720570015585
2023-06-15 16:00:00,24959.96,25017.72,24929.0,24999.99,1044.19668,25026.0635,-1,768.4720570015585,0.0,768.4720570015585
2023-06-15 17:00:00,25000.0,25164.99,24963.42,25144.72,2120.36139,25027.237,1,763.4720570015585,0.00019884890346760672,768.4720570015585
2023-06-15 18:00:00,25143.85,25390.77,25068.2,25389.97,2952.36144,25044.986500000003,1,763.4720570015585,0.00019884890346760672,768.5208246951339
2023-06-15 19:00:00,25389.97,25518.49,25349.22,25455.49,3500.64968,25061.331,1,763.4720570015585,0.00019884890346760672,768.5338532752891
2023-06-15 20:00:00,25455.49,25610.6,25220.25,25566.0,3305.06895,25079.3055,1,763.4720570015585,0.00019884890346760672,768.5558280676113
2023-06-15 21:00:00,25566.0,25759.01,25511.98,25574.6,3404.24617,25104.796,1,763.4720570015585,0.00019884890346760672,768.5575381681812
2023-06-15 22:00:00,25574.6,25653.84,25549.06,25629.3,1833.93541,25132.071500000002,1,763.4720570015585,0.00019884890346760672,768.5684152032009
2023-06-15 23:00:00,25629.29,25635.0,25554.8,25598.49,1295.70596,25158.7285,1,763.4720570015585,0.00019884890346760672,768.5622886684849
2023-06-16 00:00:00,25598.49,25598.49,25440.39,25496.59,1526.44363,25182.1505,1,763.4720570015585,0.00019884890346760672,768.5420259652217
2023-06-16 01:00:00,25496.59,25576.57,25452.98,25517.48,790.29299,25206.4535,1,763.4720570015585,0.00019884890346760672,768.546179918815
2023-06-16 02:00:00,25517.47,25560.1,25483.94,25554.88,884.2962,25237.8,1,763.4720570015585,0.00019884890346760672,768.5536168678047
2023-06-16 03:00:00,25554.88,25606.59,25530.52,25561.74,714.16786,25266.697,1,763.4720570015585,0.00019884890346760672,768.5549809712826
2023-06-16 04:00:00,25561.75,25629.73,25523.51,25528.77,1020.15967,25294.4225,1,763.4720570015585,0.00019884890346760672,768.5484249229352
2023-06-16 05:00:00,25528.77,25570.7,25475.84,25553.04,1197.37288,25324.689000000002,1,763.4720570015585,0.00019884890346760672,768.5532509858224
2023-06-16 06:00:00,25553.04,25628.77,25537.42,25578.58,1078.73245,25357.4425,1,763.4720570015585,0.00019884890346760672,768.558329586817
2023-06-16 07:00:00,25578.59,25623.87,25536.82,25537.01,774.22279,25383.5445,1,763.4720570015585,0.00019884890346760672,768.5500634378998
2023-06-16 08:00:00,25537.0,25624.38,25537.0,25545.25,1261.91516,25413.0845,1,763.4720570015585,0.00019884890346760672,768.5517019528644
2023-06-16 09:00:00,25545.25,25621.16,25545.24,25595.95,970.41927,25440.121,1,763.4720570015585,0.00019884890346760672,768.5617835922702
2023-06-16 10:00:00,25595.96,25603.92,25557.19,25570.0,941.11002,25467.89,1,763.4720570015585,0.00019884890346760672,768.5566234632252
2023-06-16 11:00:00,25570.0,25570.01,25462.03,25474.51,1934.80076,25493.618,-1,768.5376353814331,0.0,768.5376353814331
2023-06-16 12:00:00,25474.51,25588.97,25473.0,25569.99,1279.65475,25522.118,1,763.5376353814331,0.0001955417268446331,768.5376353814331
2023-06-16 13:00:00,25570.0,25628.29,25487.22,25492.64,1667.8914,25539.514000000003,-1,768.5225102288617,0.0,768.5225102288617
2023-06-16 14:00:00,25492.64,25725.0,25175.56,25616.01,5032.36177,25550.816,1,763.5225102288617,0.00019519042973515394,768.5225102288617
2023-06-16 15:00:00,25616.0,25896.78,25558.33,25840.01,4960.14402,25570.042,1,763.5225102288617,0.00019519042973515394,768.5662328851224
2023-06-16 16:00:00,25840.0,25993.61,25774.02,25959.77,5304.24841,25589.730499999998,1,763.5225102288617,0.00019519042973515394,768.5896088909875
2023-06-16 17:00:00,25959.77,26330.0,25952.22,26320.99,6550.06039,25627.05,1,763.5225102288617,0.00019519042973515394,768.6601155780164
2023-06-16 18:00:00,26321.0,26518.0,26274.21,26361.4,6463.5021,25663.655,1,763.5225102288617,0.00019519042973515394,768.668003223282
2023-06-16 19:00:00,26361.41,26410.04,26286.84,26382.43,2548.48138,25702.852,1,763.5225102288617,0.00019519042973515394,768.6721080780194
2023-06-16 20:00:00,26382.43,26464.58,26336.78,26412.13,1782.85421,25748.629,1,763.5225102288617,0.00019519042973515394,768.6779052337824
2023-06-16 21:00:00,26412.13,26418.34,26287.97,26297.84,1386.50927,25787.647,1,763.5225102288617,0.00019519042973515394,768.6555969195681
2023-06-16 22:00:00,26297.84,26387.57,26297.83,26370.51,783.86677,25828.428499999998,1,763.5225102288617,0.00019519042973515394,768.6697814080969
2023-06-16 23:00:00,26370.52,26384.58,26333.86,26345.0,743.40847,25867.5915,1,763.5225102288617,0.00019519042973515394,768.6648021002344
2023-06-17 00:00:00,26345.01,26372.4,26313.11,26313.11,974.86014,25906.808500000003,1,763.5225102288617,0.00019519042973515394,768.6585774774301
2023-06-17 01:00:00,26313.11,26336.27,26193.88,26198.47,1171.06641,25939.079999999998,1,763.5225102288617,0.00019519042973515394,768.6362008465653
2023-06-17 02:00:00,26198.47,26293.3,26181.0,26276.67,897.65743,25973.9845,1,763.5225102288617,0.00019519042973515394,768.6514647381706
2023-06-17 03:00:00,26276.66,26293.06,26245.01,26262.16,453.4988,26010.242000000002,1,763.5225102288617,0.00019519042973515394,768.648632525035
2023-06-17 04:00:00,26262.17,26363.69,26246.0,26358.49,1001.41295,26050.904000000002,1,763.5225102288617,0.00019519042973515394,768.6674352191314
2023-06-17 05:00:00,26358.5,26839.99,26342.19,26690.45,4713.90265,26105.629,1,763.5225102288617,0.00019519042973515394,768.7322306341864
2023-06-17 06:00:00,26690.44,26784.0,26648.74,26665.12,2599.38984,26160.385000000002,1,763.5225102288617,0.00019519042973515394,768.7272864606011
2023-06-17 07:00:00,26665.13,26675.02,26563.55,26593.57,1251.24472,26216.338,1,763.5225102288617,0.00019519042973515394,768.7133205853536
2023-06-17 08:00:00,26593.58,26657.09,26555.2,26601.01,1461.0735,26267.889000000003,1,763.5225102288617,0.00019519042973515394,768.7147728021508
2023-06-17 09:00:00,26601.0,26638.52,26563.58,26596.09,888.42071,26323.0615,1,763.5225102288617,0.00019519042973515394,768.7138124652365
2023-06-17 10:00:00,26596.09,26639.82,26580.38,26588.77,770.46534,26371.6995,1,763.5225102288617,0.00019519042973515394,768.7123836712909
2023-06-17 11:00:00,26588.77,26603.87,26473.5,26507.76,1545.16024,26405.087,1,763.5225102288617,0.00019519042973515394,768.696571294578
2023-06-17 12:00:00,26507.75,26585.48,26421.0,26521.05,1413.49592,26433.151,1,763.5225102288617,0.00019519042973515394,768.6991653753893
2023-06-17 13:00:00,26521.04,26578.85,26508.17,26551.15,582.98587,26444.659000000003,1,763.5225102288617,0.00019519042973515394,768.7050406073242
2023-06-17 14:00:00,26551.14,26558.26,26465.01,26496.62,757.58873,26451.420000000002,1,763.5225102288617,0.00019519042973515394,768.6943968731908
2023-06-17 15:00:00,26496.63,26543.4,26311.0,26410.82,2671.95511,26452.839500000002,-1,768.6776495343196,0.0,768.6776495343196
2023-06-17 16:00:00,26410.82,26505.19,26378.95,26473.14,903.04957,26455.890000000003,1,763.6776495343196,0.0001888706817551677,768.6776495343196
2023-06-17 17:00:00,26473.15,26490.61,26401.6,26423.42,640.26973,26462.169,-1,768.6682588840227,0.0,768.6682588840227
2023-06-17 18:00:00,26423.41,26538.37,26413.1,26521.43,696.48183,26469.714999999997,1,763.6682588840227,0.00018852678758272083,768.6682588840227
2023-06-17 19:00:00,26521.44,26524.66,26466.08,26475.3,473.33219,26476.23,-1,768.6595621433115,0.0,768.6595621433115
2023-06-17 20:00:00,26475.31,26552.91,26465.42,26541.86,542.70775,26487.6675,1,763.6595621433115,0.00018838167332658676,768.6595621433115
2023-06-17 21:00:00,26541.85,26546.71,26476.88,26525.4,464.18182,26504.014000000003,1,763.6595621433115,0.00018838167332658676,768.6564613809686
2023-06-17 22:00:00,26525.4,26595.13,26524.25,26570.15,567.03737,26518.688000000002,1,763.6595621433115,0.00018838167332658676,768.66489146085
2023-06-17 23:00:00,26570.15,26574.3,26495.0,26516.99,400.98088,26531.4295,-1,768.6548770910958,0.0,768.6548770910958
2023-06-18 00:00:00,26516.99,26539.61,26378.98,26453.96,1331.58288,26536.203,-1,768.6548770910958,0.0,768.6548770910958
2023-06-18 01:00:00,26453.95,26496.24,26427.28,26492.12,365.32205,26526.2865,-1,768.6548770910958,0.0,768.6548770910958
2023-06-18 02:00:00,26492.12,26517.62,26460.13,26475.52,267.02279,26516.8065,-1,768.6548770910958,0.0,768.6548770910958
2023-06-18 03:00:00,26475.53,26548.63,26475.52,26548.45,433.74135,26514.5505,1,763.6548770910958,0.00018833491220768067,768.6548770910958
2023-06-18 04:00:00,26548.46,26559.63,26494.46,26535.51,478.61992,26511.2755,1,763.6548770910958,0.00018833491220768067,768.6524400373319
2023-06-18 05:00:00,26535.51,26641.96,26534.03,26540.01,1370.12242,26508.471500000003,1,763.6548770910958,0.00018833491220768067,768.6532875444368
2023-06-18 06:00:00,26540.02,26589.71,26472.03,26544.02,1007.59744,26506.233999999997,1,763.6548770910958,0.00018833491220768067,768.6540427674348
2023-06-18 07:00:00,26544.02,26680.0,26544.01,26584.98,1212.7592,26510.095,1,763.6548770910958,0.00018833491220768067,768.6617569654388
2023-06-18 08:00:00,26584.99,26596.0,26494.44,26499.32,816.53392,26509.008500000004,-1,768.6456241968591,0.0,768.6456241968591
2023-06-18 09:00:00,26499.32,26540.85,26456.83,26527.34,735.25622,26507.818,1,763.6456241968591,0.00018848478588505294,768.6456241968591
2023-06-18 10:00:00,26527.34,26534.77,26476.0,26508.0,619.22015,26508.387,-1,768.6419789011001,0.0,768.6419789011001
2023-06-18 11:00:00,26507.99,26508.07,26476.08,26500.0,354.68357,26512.846,-1,768.6419789011001,0.0,768.6419789011001
2023-06-18 12:00:00,26500.0,26572.0,26444.0,26534.97,832.11229,26515.9375,1,763.6419789011001,0.00018843058801272432,768.6419789011001
2023-06-18 13:00:00,26534.97,26550.0,26482.0,26486.0,562.35941,26519.066499999997,-1,768.632751455205,0.0,768.632751455205
2023-06-18 14:00:00,26486.01,26573.35,26457.0,26549.99,1462.33796,26520.4945,1,763.632751455205,0.0001883239880692987,768.632751455205
2023-06-18 15:00:00,26550.0,26570.0,26526.92,26562.09,702.57369,26524.833999999995,1,763.632751455205,0.0001883239880692987,768.6350301754607
2023-06-18 16:00:00,26562.09,26649.74,26525.99,26620.12,1118.5581,26528.747000000003,1,763.632751455205,0.0001883239880692987,768.6459586164883
2023-06-18 17:00:00,26620.11,26657.99,26560.62,26630.0,719.39164,26533.977000000003,1,763.632751455205,0.0001883239880692987,768.6478192574905
2023-06-18 18:00:00,26630.0,26643.54,26582.08,26620.87,527.02386,26536.513,1,763.632751455205,0.0001883239880692987,768.6460998594794
2023-06-18 19:00:00,26620.87,26651.0,26600.01,26650.0,469.3379,26543.163500000002,1,763.632751455205,0.0001883239880692987,768.6515857372518
2023-06-18 20:00:00,26650.01,26700.0,26355.1,26473.74,2454.33736,26544.152500000004,-1,768.6183917511147,0.0,768.6183917511147
2023-06-18 21:00:00,26473.74,26487.01,26396.16,26415.34,748.57242,26540.3135,-1,768.6183917511147,0.0,768.6183917511147
2023-06-18 22:00:00,26415.34,26459.14,26378.0,26402.26,725.92711,26536.6505,-1,768.6183917511147,0.0,768.6183917511147
2023-06-18 23:00:00,26402.26,26461.3,26255.85,26339.97,2223.31657,26526.2265,-1,768.6183917511147,0.0,768.6183917511147
2023-06-19 00:00:00,26339.98,26400.0,26256.61,26366.1,1243.35086,26517.756,-1,768.6183917511147,0.0,768.6183917511147
2023-06-19 01:00:00,26366.1,26450.0,26348.26,26437.43,571.30976,26512.627,-1,768.6183917511147,0.0,768.6183917511147
2023-06-19 02:00:00,26437.44,26469.58,26422.6,26446.33,529.45297,26507.7425,-1,768.6183917511147,0.0,768.6183917511147
2023-06-19 03:00:00,26446.33,26453.94,26380.0,26403.36,474.55,26498.6615,-1,768.6183917511147,0.0,768.6183917511147
2023-06-19 04:00:00,26403.36,26436.91,26369.0,26428.55,693.3889,26495.123,-1,768.6183917511147,0.0,768.6183917511147
2023-06-19 05:00:00,26428.54,26467.39,26424.0,26465.59,586.86002,26492.035499999998,-1,768.6183917511147,0.0,768.6183917511147
2023-06-19 06:00:00,26465.6,26478.87,26403.73,26427.98,951.23956,26488.034499999998,-1,768.6183917511147,0.0,768.6183917511147
2023-06-19 07:00:00,26427.99,26439.76,26381.48,26428.01,693.85894,26484.434999999998,-1,768.6183917511147,0.0,768.6183917511147
2023-06-19 08:00:00,26428.0,26459.18,26390.45,26417.25,761.82685,26478.549,-1,768.6183917511147,0.0,768.6183917511147
2023-06-19 09:00:00,26417.25,26432.0,26364.4,26401.03,682.26675,26474.3005,-1,768.6183917511147,0.0,768.6183917511147
2023-06-19 10:00:00,26401.02,26429.98,26370.29,26377.99,673.64356,26465.7005,-1,768.6183917511147,0.0,768.6183917511147
2023-06-19 11:00:00,26378.0,26448.0,26366.08,26447.73,707.16587,26459.982500000002,-1,768.6183917511147,0.0,768.6183917511147
2023-06-19 12:00:00,26447.73,26576.0,26429.26,26531.39,1618.70857,26455.546000000002,1,763.6183917511147,0.0001884560138010108,768.6183917511147
2023-06-19 13:00:00,26531.39,26576.87,26500.54,26535.17,1011.25796,26450.8045,1,763.6183917511147,0.0001884560138010108,768.6191041148469
2023-06-19 14:00:00,26535.17,26539.96,26384.3,26423.23,1613.24722,26440.922499999997,-1,768.598008348662,0.0,768.598008348662
2023-06-19 15:00:00,26423.24,26456.0,26348.01,26444.0,1203.69578,26430.622499999998,1,763.598008348662,0.00018907880804719407,768.598008348662
2023-06-19 16:00:00,26443.99,26534.32,26308.45,26499.65,1904.21774,26431.917999999998,1,763.598008348662,0.00018907880804719407,768.6085305843299
2023-06-19 17:00:00,26499.64,26704.0,26484.0,26665.06,2820.29332,26444.404,1,763.598008348662,0.00018907880804719407,768.639806109969
2023-06-19 18:00:00,26665.06,27068.09,26482.0,26496.0,8647.53511,26449.090999999997,1,763.598008348662,0.00018907880804719407,768.6078404466805
2023-06-19 19:00:00,26495.99,26704.1,26369.99,26682.28,3224.03767,26466.2065,1,763.598008348662,0.00018907880804719407,768.6430620470435
2023-06-19 20:00:00,26682.29,26859.36,26678.61,26723.99,2498.57538,26484.101000000002,1,763.598008348662,0.00018907880804719407,768.6509485241271
2023-06-19 21:00:00,26724.0,26770.19,26652.19,26770.18,1051.539,26500.7385,1,763.598008348662,0.00018907880804719407,768.6596820742708
2023-06-19 22:00:00,26770.19,26831.77,26734.04,26754.99,941.64199,26516.171500000004,1,763.598008348662,0.00018907880804719407,768.6568099671766
2023-06-19 23:00:00,26754.98,26857.8,26723.27,26844.35,768.99596,26538.220999999998,1,763.598008348662,0.00018907880804719407,768.6737060494637
2023-06-20 00:00:00,26844.35,27031.49,26798.68,26982.28,2080.97523,26565.9075,1,763.598008348662,0.00018907880804719407,768.6997856894576
2023-06-20 01:00:00,26982.29,27179.03,26881.35,26902.31,3256.22412,26587.7435,1,763.598008348662,0.00018907880804719407,768.6846650571781
2023-06-20 02:00:00,26902.32,26945.25,26875.96,26914.5,1076.93919,26612.0695,1,763.598008348662,0.00018907880804719407,768.6869699278482
2023-06-20 03:00:00,26914.51,26972.3,26888.0,26896.52,1096.26955,26635.495000000003,1,763.598008348662,0.00018907880804719407,768.6835702908795
2023-06-20 04:00:00,26896.53,26969.64,26896.52,26965.94,893.56524,26662.9295,1,763.598008348662,0.00018907880804719407,768.6966961417342
2023-06-20 05:00:00,26965.94,27033.24,26794.01,26820.46,2045.50027,26683.901,1,763.598008348662,0.00018907880804719407,768.6691889567395
2023-06-20 06:00:00,26821.36,26843.6,26755.0,26789.15,1377.18849,26704.459000000003,1,763.598008348662,0.00018907880804719407,768.6632688992595
2023-06-20 07:00:00,26789.15,26840.0,26758.76,26832.44,809.25754,26723.6945,1,763.598008348662,0.00018907880804719407,768.6714541208598
2023-06-20 08:00:00,26832.45,26837.4,26740.0,26754.25,1430.99115,26734.8375,1,763.598008348662,0.00018907880804719407,768.6566700488587
2023-06-20 09:00:00,26754.24,26814.68,26702.47,26780.56,1091.14439,26747.107,1,763.598008348662,0.00018907880804719407,768.6616447122984
2023-06-20 10:00:00,26780.57,26831.52,26748.91,26775.98,893.78336,26764.7445,1,763.598008348662,0.00018907880804719407,768.6607787313575
2023-06-20 11:00:00,26775.99,26912.0,26754.0,26907.99,1134.44333,26787.944,1,763.598008348662,0.00018907880804719407,768.6857390248078
2023-06-20 12:00:00,26907.99,26980.0,26834.62,26851.99,2026.36243,26805.560999999998,1,763.598008348662,0.00018907880804719407,768.6751506115572
2023-06-20 13:00:00,26851.99,26950.0,26783.27,26812.01,1821.68387,26812.908499999998,-1,768.6675912408115,0.0,768.6675912408115
2023-06-20 14:00:00,26812.0,26845.97,26652.0,26780.0,2224.02348,26827.108499999995,-1,768.6675912408115,0.0,768.6675912408115
2023-06-20 15:00:00,26780.0,27134.73,26740.0,27071.93,2863.75461,26846.591000000004,1,763.6675912408115,0.00018469314895539401,768.6675912408115
2023-06-20 16:00:00,27071.94,27395.0,27001.73,27380.54,7125.20097,26879.4185,1,763.6675912408115,0.00018469314895539401,768.7245893935107
2023-06-20 17:00:00,27380.55,27965.0,27339.85,27796.0,10764.48177,26930.709500000004,1,763.6675912408115,0.00018469314895539401,768.8013220091756
2023-06-20 18:00:00,27796.0,28140.0,27778.0,28070.54,7564.05343,26996.487,1,763.6675912408115,0.00018469314895539401,768.8520276662898
2023-06-20 19:00:00,28070.53,28110.29,27788.13,27982.77,5015.37961,27053.408000000003,1,763.6675912408115,0.00018469314895539401,768.835817148606
2023-06-20 20:00:00,27982.77,28249.78,27872.0,28157.99,4647.76396,27112.1935,1,763.6675912408115,0.00018469314895539401,768.868179082166
2023-06-20 21:00:00,28158.0,28306.41,28067.91,28130.0,3007.1487,27173.577999999998,1,763.6675912408115,0.00018469314895539401,768.8630095209267
2023-06-20 22:00:00,28130.0,28270.98,28104.3,28213.47,2099.29785,27238.5265,1,763.6675912408115,0.00018469314895539401,768.87842585807
2023-06-20 23:00:00,28213.47,28402.74,28147.67,28307.99,3321.52271,27309.1,1,763.6675912408115,0.00018469314895539401,768.8958830545092
2023-06-21 00:00:00,28308.0,28490.35,28257.99,28414.0,4203.05172,27381.503000000004,1,763.6675912408115,0.00018469314895539401,768.91546237523
2023-06-21 01:00:00,28413.99,29088.09,28395.31,28785.93,7635.67277,27479.7765,1,763.6675912408115,0.00018469314895539401,768.984155298121
2023-06-21 02:00:00,28785.93,28899.02,28759.15,28789.05,2735.89312,27579.771500000003,1,763.6675912408115,0.00018469314895539401,768.9847315407458
2023-06-21 03:00:00,28789.05,28803.76,28678.0,28711.15,2577.8404,27673.707000000002,1,763.6675912408115,0.00018469314895539401,768.9703439444421
2023-06-21 04:00:00,28711.15,28807.65,28680.0,28785.53,2715.9094,27775.270999999997,1,763.6675912408115,0.00018469314895539401,768.9840814208615
2023-06-21 05:00:00,28785.1,28990.0,28770.89,28982.02,2947.98711,27885.344,1,763.6675912408115,0.00018469314895539401,769.0203717776997
2023-06-21 06:00:00,28982.01,29005.0,28771.87,28858.01,3655.7965,27989.4455,1,763.6675912408115,0.00018469314895539401,768.9974679802978
2023-06-21 07:00:00,28858.01,28919.66,28823.64,28872.28,1940.58433,28087.660000000003,1,763.6675912408115,0.00018469314895539401,769.0001035515334
2023-06-21 08:00:00,28872.28,28914.99,28787.7,28824.41,2167.51226,28186.281,1,763.6675912408115,0.00018469314895539401,768.9912622904928
2023-06-21 09:00:00,28824.41,28962.88,28821.13,28923.69,1963.16892,28291.865,1,763.6675912408115,0.00018469314895539401,769.0095986263211
2023-06-21 10:00:00,28923.69,29221.99,28815.23,28834.91,4598.89045,28394.610500000003,1,763.6675912408115,0.00018469314895539401,768.9932015685569
2023-06-21 11:00:00,28834.92,29040.37,28801.0,28930.0,2413.47096,28487.514000000003,1,763.6675912408115,0.00018469314895539401,769.010764040091
2023-06-21 12:00:00,28930.0,29151.8,28889.11,28893.73,3981.45692,28563.173499999997,1,763.6675912408115,0.00018469314895539401,769.0040652195784
2023-06-21 13:00:00,28893.74,29404.96,28875.81,29311.99,6154.83064,28638.972999999998,1,763.6675912408115,0.00018469314895539401,769.0813149760605
2023-06-21 14:00:00,29311.99,29591.99,29073.7,29536.01,7616.12614,28712.2465,1,763.6675912408115,0.00018469314895539401,769.1226899352895
2023-06-21 15:00:00,29536.02,30000.0,29467.78,29851.58,10154.81869,28805.686999999998,1,763.6675912408115,0.00018469314895539401,769.1809735523053
2023-06-21 16:00:00,29851.58,30800.0,29763.37,30164.58,16779.70316,28906.016500000005,1,763.6675912408115,0.00018469314895539401,769.2387825079284
2023-06-21 17:00:00,30164.58,30350.0,29854.0,30080.23,8536.62352,29003.528000000002,1,763.6675912408115,0.00018469314895539401,769.223203640814
2023-06-21 18:00:00,30080.23,30291.98,30010.18,30131.39,4150.12024,29099.424,1,763.6675912408115,0.00018469314895539401,769.2326525423146
2023-06-21 19:00:00,30131.38,30183.37,29903.82,30112.03,2699.01174,29189.625999999997,1,763.6675912408115,0.00018469314895539401,769.2290768829507
