timestamp,open,high,low,close,volume,indicator,signal,balance_usdt,balance_btc,total_balance
2024-06-01 00:00:00,67540.01,67703.89,67507.39,67655.66,569.87074,,0,1000,0.0,1000.0
2024-06-01 01:00:00,67655.66,67710.29,67428.44,67560.0,566.55975,,0,1000,0.0,1000.0
2024-06-01 02:00:00,67560.0,67740.0,67546.52,67729.05,327.71958,,0,1000,0.0,1000.0
2024-06-01 03:00:00,67729.05,67757.14,67623.24,67715.31,313.20132,,0,1000,0.0,1000.0
2024-06-01 04:00:00,67715.31,67763.81,67656.0,67680.01,315.96397,,0,1000,0.0,1000.0
2024-06-01 05:00:00,67680.01,67810.0,67603.0,67686.35,316.72396,,0,1000,0.0,1000.0
2024-06-01 06:00:00,67686.35,67729.87,67607.94,67693.32,266.23887,,0,1000,0.0,1000.0
2024-06-01 07:00:00,67693.32,67733.01,67575.23,67632.08,351.80708,,0,1000,0.0,1000.0
2024-06-01 08:00:00,67632.07,67741.06,67611.61,67704.0,376.4478,,0,1000,0.0,1000.0
2024-06-01 09:00:00,67704.0,67760.0,67635.0,67706.69,349.38935,,0,1000,0.0,1000.0
2024-06-01 10:00:00,67706.69,67750.0,67627.32,67627.33,317.62668,,0,1000,0.0,1000.0
2024-06-01 11:00:00,67627.33,67694.0,67627.32,67660.57,249.68951,,0,1000,0.0,1000.0
2024-06-01 12:00:00,67660.57,67872.5,67640.0,67717.76,408.2284,,0,1000,0.0,1000.0
2024-06-01 13:00:00,67717.76,67837.0,67714.28,67720.01,419.26976,,0,1000,0.0,1000.0
2024-06-01 14:00:00,67720.01,67870.0,67673.0,67803.34,379.0052,,0,1000,0.0,1000.0
2024-06-01 15:00:00,67803.33,67824.0,67668.01,67691.28,321.49058,,0,1000,0.0,1000.0
2024-06-01 16:00:00,67691.28,67719.99,67612.0,67700.01,304.8731,,0,1000,0.0,1000.0
2024-06-01 17:00:00,67700.01,67900.0,67556.72,67791.02,1177.16281,,0,1000,0.0,1000.0
2024-06-01 18:00:00,67791.02,67821.73,67726.32,67750.71,277.11069,,0,1000,0.0,1000.0
2024-06-01 19:00:00,67750.7,67782.64,67685.72,67753.76,174.52798,,0,1000,0.0,1000.0
2024-06-01 20:00:00,67753.76,67796.54,67700.0,67796.54,337.18395,,0,1000,0.0,1000.0
2024-06-01 21:00:00,67796.54,67820.2,67713.23,67760.01,290.36113,,0,1000,0.0,1000.0
2024-06-01 22:00:00,67760.01,67885.0,67710.0,67765.4,263.4495,,0,1000,0.0,1000.0
2024-06-01 23:00:00,67765.41,67819.78,67723.0,67766.85,163.75962,,0,1000,0.0,1000.0
2024-06-02 00:00:00,67766.84,67910.55,67744.0,67889.0,298.77105,,0,1000,0.0,1000.0
2024-06-02 01:00:00,67888.99,67900.0,67710.0,67755.0,408.0762,,0,1000,0.0,1000.0
2024-06-02 02:00:00,67755.0,67815.0,67643.33,67733.26,340.27499,,0,1000,0.0,1000.0
2024-06-02 03:00:00,67733.25,67807.99,67726.31,67789.47,240.10946,22.417616174516727,1,900,0.0014751553596745925,1000.0
2024-06-02 04:00:00,67789.48,67852.63,67745.18,67852.62,179.28516,22.641454835113233,1,900,0.0014751553596745925,1000.0931560609635
2024-06-02 05:00:00,67852.62,67867.6,67728.4,67728.4,208.19005,22.560012474811625,1,900,0.0014751553596745925,999.9099122621847
2024-06-02 06:00:00,67728.41,67852.33,67724.6,67841.09,326.57495,22.416643614185904,1,900,0.0014751553596745925,1000.0761475196664
2024-06-02 07:00:00,67841.09,67842.91,67720.41,67721.0,342.48176,22.204433958650842,1,900,0.0014751553596745925,999.898996112523
2024-06-02 08:00:00,67721.01,67812.57,67671.81,67750.67,357.78944,21.129351947031775,1,900,0.0014751553596745925,999.9427639720446
2024-06-02 09:00:00,67750.68,67772.65,67377.79,67529.99,1006.07274,22.181196218355378,1,900,0.0014751553596745925,999.6172266872717
2024-06-02 10:00:00,67530.0,67581.97,67367.2,67529.99,381.18834,23.228147453806823,1,900,0.0014751553596745925,999.6172266872717
2024-06-02 11:00:00,67530.0,68320.08,67492.6,68251.52,1213.972,24.167147876795905,1,900,0.0014751553596745925,1000.6815955339376
2024-06-02 12:00:00,68251.53,68305.0,67852.24,67934.99,941.82256,25.039076841000053,1,900,0.0014751553596745925,1000.2146646079399
2024-06-02 13:00:00,67934.99,68214.66,67800.0,68165.98,722.27646,25.438929341986675,1,900,0.0014751553596745925,1000.555410744471
2024-06-02 14:00:00,68165.97,68460.0,68073.65,68252.5,2085.25292,26.679449860005974,1,900,0.0014751553596745925,1000.6830411861902
2024-06-02 15:00:00,68252.51,68297.12,68016.19,68142.17,465.81443,27.399115940404112,1,900,0.0014751553596745925,1000.5202872953572
2024-06-02 16:00:00,68142.18,68200.0,67980.0,68103.63,440.2764,27.794462364772183,1,900,0.0014751553596745925,1000.4634348077954
2024-06-02 17:00:00,68103.63,68103.64,67808.66,67879.28,1181.95687,26.97760773430596,1,900,0.0014751553596745925,1000.1324837028524
2024-06-02 18:00:00,67879.27,67879.28,67456.88,67697.14,1480.43326,25.678354534927326,1,900,0.0014751553596745925,999.8637989056413
2024-06-02 19:00:00,67697.14,67798.0,67257.47,67736.95,1565.51294,25.23126097127983,1,900,0.0014751553596745925,999.9225248405099
2024-06-02 20:00:00,67736.95,67831.21,67577.65,67831.2,365.03156,24.64144445791364,1,900,0.0014751553596745925,1000.0615582331592
2024-06-02 21:00:00,67831.21,67902.12,67755.0,67816.14,263.27949,23.718053387451913,1,900,0.0014751553596745925,1000.0393423934426
2024-06-02 22:00:00,67816.13,67984.01,67809.96,67927.99,330.59344,22.438008009671147,1,900,0.0014751553596745925,1000.2043385204221
2024-06-02 23:00:00,67928.0,67984.01,67765.62,67765.63,281.28882,21.45096928011733,1,900,0.0014751553596745925,999.9648322962254
2024-06-03 00:00:00,67765.62,67873.87,67612.48,67823.99,545.42052,21.1888057924933,1,900,0.0014751553596745925,1000.050922363016
2024-06-03 01:00:00,67824.0,68553.67,67823.8,68476.01,1377.62869,21.130960256204705,1,900,0.0014751553596745925,1001.012753160631
2024-06-03 02:00:00,68476.01,68793.97,68404.51,68416.08,1163.43425,21.701668174384913,1,900,0.0014751553596745925,1000.9243470999257
2024-06-03 03:00:00,68416.09,68518.7,68201.0,68382.81,722.42687,21.392119443776984,1,900,0.0014751553596745925,1000.8752686811093
2024-06-03 04:00:00,68382.8,68600.0,68285.29,68510.0,809.57781,21.32710223794989,1,900,0.0014751553596745925,1001.0628936913063
2024-06-03 05:00:00,68510.0,68780.0,68441.16,68700.0,803.11096,21.734995485206017,1,900,0.0014751553596745925,1001.3431732096445
2024-06-03 06:00:00,68699.99,69221.0,68632.01,69038.94,2491.91796,23.044860150813918,1,900,0.0014751553596745925,1001.8431623672526
2024-06-03 07:00:00,69038.94,69179.62,68804.0,68906.7,1420.73895,24.261163054592682,1,900,0.0014751553596745925,1001.6480878224893
2024-06-03 08:00:00,68906.7,69333.0,68906.69,69142.55,1257.93453,25.67832723718399,1,900,0.0014751553596745925,1001.9960032140685
2024-06-03 09:00:00,69142.54,69187.06,68913.72,69014.88,669.3308,26.99426540673306,1,900,0.0014751553596745925,1001.8076701292989
2024-06-03 10:00:00,69014.89,69186.79,68876.98,68907.99,1001.70426,28.027516941295765,1,900,0.0014751553596745925,1001.6499907729033
2024-06-03 11:00:00,68908.0,69248.99,68824.0,69080.0,897.94818,29.122201619215712,1,900,0.0014751553596745925,1001.9037322463208
2024-06-03 12:00:00,69080.0,69769.3,69075.4,69746.23,1886.90789,31.051602526589658,1,900,0.0014751553596745925,1002.8865250015969
2024-06-03 13:00:00,69746.23,70288.0,69521.04,69795.34,2750.0373,33.45415853666116,1,900,0.0014751553596745925,1002.9589698813105
2024-06-03 14:00:00,69795.33,70079.67,68500.0,68776.01,3731.05685,32.244708938102285,1,900,0.0014751553596745925,1001.4552997685333
2024-06-03 15:00:00,68776.01,69631.16,68760.0,69615.28,1863.02683,31.12164859658333,1,900,0.0014751553596745925,1002.6933534072475
2024-06-03 16:00:00,69615.27,69715.61,68899.89,69080.02,1608.62393,30.24152304569875,1,900,0.0014751553596745925,1001.9037617494281
2024-06-03 17:00:00,69080.02,69389.92,68800.0,69268.97,786.0188,29.139200481032276,1,900,0.0014751553596745925,1002.1824923546386
2024-06-03 18:00:00,69268.98,69444.49,69162.98,69288.41,653.12456,28.23354834587474,1,900,0.0014751553596745925,1002.2111693748307
2024-06-03 19:00:00,69288.41,69296.68,69021.77,69204.0,668.6234,26.966329209135722,1,900,0.0014751553596745925,1002.0866515109205
2024-06-03 20:00:00,69204.0,69509.38,69101.27,69101.28,924.92879,26.280266154194408,1,900,0.0014751553596745925,1001.9351235523748
2024-06-03 21:00:00,69101.28,69191.86,68899.51,69081.17,561.30151,25.03380547101144,1,900,0.0014751553596745925,1001.9054581780916
2024-06-03 22:00:00,69081.17,69144.33,68810.0,69042.51,569.52117,23.61545024151993,1,900,0.0014751553596745925,1001.8484286718866
2024-06-03 23:00:00,69042.51,69062.19,68730.51,68809.9,469.02919,22.064740290160074,1,900,0.0014751553596745925,1001.5052927836728
2024-06-04 00:00:00,68809.89,69090.9,68629.9,69001.41,885.47608,20.648621739538978,1,900,0.0014751553596745925,1001.7877997866041
2024-06-04 01:00:00,69001.4,69215.41,68900.6,69215.4,495.15752,19.38927384347102,1,900,0.0014751553596745925,1002.1034682820208
2024-06-04 02:00:00,69215.41,69306.67,69080.8,69139.57,426.69517,18.490060250007495,1,900,0.0014751553596745925,1001.9916072510966
2024-06-04 03:00:00,69139.58,69370.01,69114.98,69170.22,388.66215,17.843649232798207,1,900,0.0014751553596745925,1002.0368207628707
2024-06-04 04:00:00,69170.22,69268.27,69057.12,69061.22,385.62215,17.031481252303823,1,900,0.0014751553596745925,1001.8760288286662
2024-06-04 05:00:00,69061.22,69156.16,68914.28,68956.01,450.12894,15.863878403361351,1,900,0.0014751553596745925,1001.7208277332747
2024-06-04 06:00:00,68956.01,69039.71,68745.68,68905.43,1152.10393,15.338193126739151,1,900,0.0014751553596745925,1001.6462143751825
2024-06-04 07:00:00,68905.43,69074.82,68894.21,69013.63,562.89903,14.715586744835123,1,900,0.0014751553596745925,1001.8058261850992
2024-06-04 08:00:00,69013.62,69191.99,68827.0,68836.54,719.36611,13.690434680820035,1,900,0.0014751553596745925,1001.5445909224545
2024-06-04 09:00:00,68836.54,68890.01,68567.32,68717.92,1253.78456,13.613017047555186,1,900,0.0014751553596745925,1001.3696079936899
2024-06-04 10:00:00,68717.92,68958.0,68701.83,68890.66,651.64527,13.271784433036899,1,900,0.0014751553596745925,1001.62442633052
2024-06-04 11:00:00,68890.66,69030.0,68841.87,68955.85,518.48705,12.668961222377439,1,900,0.0014751553596745925,1001.7205917084173
2024-06-04 12:00:00,68955.84,69155.5,68843.73,68946.56,981.79689,11.902526143788743,1,900,0.0014751553596745925,1001.7068875151259
2024-06-04 13:00:00,68946.56,69830.75,68946.55,69527.99,2310.51288,13.098369781280807,1,900,0.0014751553596745925,1002.5645870959015
2024-06-04 14:00:00,69527.99,70089.99,69319.79,69651.49,3400.63908,14.724603995730364,1,900,0.0014751553596745925,1002.7467687828213
2024-06-04 15:00:00,69651.49,70480.0,69463.83,70445.0,3308.73493,16.879990303992642,1,900,0.0014751553596745925,1003.9173193122767
2024-06-04 16:00:00,70445.0,70999.0,70388.17,70800.0,3577.03841,19.542490092757408,1,900,0.0014751553596745925,1004.4409994649611
2024-06-04 17:00:00,70800.0,70833.52,70360.4,70564.0,1477.20962,21.90926009350016,1,900,0.0014751553596745925,1004.0928628000779
2024-06-04 18:00:00,70564.01,71063.45,70564.0,70693.67,2685.01525,24.373145767992156,1,900,0.0014751553596745925,1004.2841461955669
2024-06-04 19:00:00,70693.67,70727.76,70092.5,70423.6,1513.09125,25.00611390026361,1,900,0.0014751553596745925,1003.8857509875796
2024-06-04 20:00:00,70423.61,70550.0,70168.67,70402.69,676.26117,25.593870023087103,1,900,0.0014751553596745925,1003.8549054890088
2024-06-04 21:00:00,70402.69,70630.08,70340.41,70620.0,560.36634,26.274851815248294,1,900,0.0014751553596745925,1004.1754715002197
2024-06-04 22:00:00,70620.01,70736.0,70510.0,70561.3,756.17993,27.087061248688517,1,900,0.0014751553596745925,1004.0888798806068
2024-06-04 23:00:00,70561.31,70610.0,70414.9,70537.84,482.91118,27.485587392651038,1,900,0.0014751553596745925,1004.0542727358688
2024-06-05 00:00:00,70537.83,70900.0,70423.51,70776.0,1036.06996,28.366345278820766,1,900,0.0014751553596745925,1004.4055957363289
2024-06-05 01:00:00,70775.99,71275.0,70646.16,70986.3,1527.72558,29.737972176972196,1,900,0.0014751553596745925,1004.7158209084686
2024-06-05 02:00:00,70986.29,71140.3,70672.08,70837.96,1397.29959,31.01162572525567,1,900,0.0014751553596745925,1004.4969963624144
2024-06-05 03:00:00,70837.96,70991.73,70768.0,70947.58,786.32991,32.19430402009032,1,900,0.0014751553596745925,1004.658702892942
2024-06-05 04:00:00,70947.58,71260.0,70826.15,71168.53,1358.27161,33.67907295062717,1,900,0.0014751553596745925,1004.9846384696621
2024-06-05 05:00:00,71168.54,71196.0,70884.61,70999.99,804.58799,35.05778695755425,1,900,0.0014751553596745925,1004.7360157853425
2024-06-05 06:00:00,70999.99,71150.0,70850.0,71119.05,1231.70706,36.17182604187288,1,900,0.0014751553596745925,1004.9116477824654
2024-06-05 07:00:00,71119.06,71379.21,71032.6,71200.0,1297.93292,37.55121323234284,1,900,0.0014751553596745925,1005.031061608831
2024-06-05 08:00:00,71199.99,71243.6,70880.4,70927.57,1095.54386,38.105721796258784,1,900,0.0014751553596745925,1004.6291850341948
2024-06-05 09:00:00,70927.57,71032.08,70825.0,70894.19,758.70704,38.36117037990097,1,900,0.0014751553596745925,1004.5799443482889
2024-06-05 10:00:00,70894.2,70908.59,70725.03,70800.33,860.62926,38.1295502543105,1,900,0.0014751553596745925,1004.4414862662298
2024-06-05 11:00:00,70800.33,71093.96,70694.61,70971.71,740.4467,38.30688860425725,1,900,0.0014751553596745925,1004.6942983917709
2024-06-05 12:00:00,70971.7,71120.0,70652.6,70940.01,1417.83072,38.26820185936254,1,900,0.0014751553596745925,1004.6475359668692
2024-06-05 13:00:00,70940.01,71169.99,70588.0,70730.7,1685.4948,37.913036892971355,1,900,0.0014751553596745925,1004.3387711985357
2024-06-05 14:00:00,70730.7,71080.0,70383.66,70867.99,1853.41573,36.635742749415826,1,900,0.0014751553596745925,1004.5412952778654
2024-06-05 15:00:00,70867.99,71731.35,70775.0,71580.0,2767.85879,36.904144307450984,1,900,0.0014751553596745925,1005.5916206455073
2024-06-05 16:00:00,71580.01,71758.0,71268.0,71312.77,1520.33366,37.200612861549544,1,900,0.0014751553596745925,1005.1974148787415
2024-06-05 17:00:00,71312.78,71704.0,71231.48,71628.98,1367.90189,37.31359175778435,1,900,0.0014751553596745925,1005.6638737550242
2024-06-05 18:00:00,71628.98,71748.22,70895.15,71096.81,1778.53896,36.052830644769564,1,900,0.0014751553596745925,1004.8788403272662
2024-06-05 19:00:00,71096.8,71398.73,70871.2,71279.95,937.98536,34.79276625236342,1,900,0.0014751553596745925,1005.149000279837
2024-06-05 20:00:00,71279.95,71357.68,71160.0,71196.02,699.46084,33.62270645941486,1,900,0.0014751553596745925,1005.0251904904994
2024-06-05 21:00:00,71196.02,71211.34,71036.31,71138.42,363.26274,32.03780998332817,1,900,0.0014751553596745925,1004.9402215417822
2024-06-05 22:00:00,71138.43,71274.11,71090.0,71144.86,381.44972,30.763497100161775,1,900,0.0014751553596745925,1004.9497215422986
2024-06-05 23:00:00,71144.85,71294.47,70700.0,71108.0,1034.39613,28.96077764212908,1,900,0.0014751553596745925,1004.8953473157409
2024-06-06 00:00:00,71108.0,71183.99,70955.99,71018.06,470.98831,27.286823859670147,1,900,0.0014751553596745925,1004.7626718426918
2024-06-06 01:00:00,71018.06,71189.97,70900.0,71124.0,491.92883,25.921064915070367,1,900,0.0014751553596745925,1004.9189498014957
2024-06-06 02:00:00,71124.01,71237.02,71103.7,71160.0,454.18419,24.46224195045293,1,900,0.0014751553596745925,1004.9720553944439
2024-06-06 03:00:00,71160.01,71188.0,71012.34,71050.0,421.21498,23.438789760385728,1,900,0.0014751553596745925,1004.8097883048798
2024-06-06 04:00:00,71050.0,71106.46,70909.7,71054.52,591.72521,22.84811197891275,1,900,0.0014751553596745925,1004.8164560071056
2024-06-06 05:00:00,71054.51,71084.4,70800.0,70895.45,668.78311,22.666733715563453,1,900,0.0014751553596745925,1004.5818030440421
2024-06-06 06:00:00,70895.45,71037.72,70804.0,70887.99,577.39715,22.498311042453388,1,900,0.0014751553596745925,1004.5707983850589
2024-06-06 07:00:00,70888.0,71069.62,70853.23,71021.47,603.86899,22.16984756582438,1,900,0.0014751553596745925,1004.7677021224683
2024-06-06 08:00:00,71021.46,71039.5,70862.5,70904.01,518.12755,21.864845766097442,1,900,0.0014751553596745925,1004.5944303739209
2024-06-06 09:00:00,70904.01,71147.28,70904.0,70978.88,567.45225,20.96894700513133,1,900,0.0014751553596745925,1004.7048752556998
2024-06-06 10:00:00,70978.89,71000.0,70892.5,70988.0,426.66814,20.1907382624885,1,900,0.0014751553596745925,1004.71832867258
2024-06-06 11:00:00,70988.01,71204.59,70935.01,71170.01,798.77919,19.10663813331202,1,900,0.0014751553596745925,1004.9868216995943
2024-06-06 12:00:00,71170.01,71443.6,71052.97,71187.17,1387.14463,19.09787543309668,1,900,0.0014751553596745925,1005.0121353655663
2024-06-06 13:00:00,71187.18,71535.95,71000.0,71123.09,1918.70297,19.42347535963101,1,900,0.0014751553596745925,1004.9176074101184
2024-06-06 14:00:00,71123.1,71520.0,71020.57,71464.57,1587.29162,19.725818148555742,1,900,0.0014751553596745925,1005.4213434623401
2024-06-06 15:00:00,71464.56,71700.0,71250.61,71300.0,1524.3121,20.63548013357225,1,900,0.0014751553596745925,1005.1785771447985
2024-06-06 16:00:00,71300.0,71379.93,70825.0,70948.95,2206.4127,19.332311271013932,1,900,0.0014751553596745925,1004.6607238557847
2024-06-06 17:00:00,70948.95,71225.01,70800.0,71098.31,1300.39004,18.018687931783596,1,900,0.0014751553596745925,1004.8810530603057
2024-06-06 18:00:00,71098.3,71158.87,70871.57,71075.0,591.43061,16.798894831069713,1,900,0.0014751553596745925,1004.8466671888716
2024-06-06 19:00:00,71075.0,71078.73,70450.0,70479.49,1416.32041,17.095089734621943,1,900,0.0014751553596745925,1003.9681974206319
2024-06-06 20:00:00,70479.49,70742.49,70117.64,70720.01,1649.2742,18.248047992759073,1,900,0.0014751553596745925,1004.3230017877407
2024-06-06 21:00:00,70720.01,70859.81,70667.0,70740.51,409.43665,18.78756913901521,1,900,0.0014751553596745925,1004.353242472614
2024-06-06 22:00:00,70740.51,70920.76,70664.0,70901.01,656.5042,19.01649675550846,1,900,0.0014751553596745925,1004.5900049078418
2024-06-06 23:00:00,70901.01,70958.89,70748.8,70799.06,603.66646,19.054885620037194,1,900,0.0014751553596745925,1004.439612818923
2024-06-07 00:00:00,70799.06,70883.6,70740.0,70883.05,403.79489,19.11894004004558,1,900,0.0014751553596745925,1004.5635111175822
2024-06-07 01:00:00,70883.05,70900.0,70670.48,70840.01,493.06368,19.409200891811537,1,900,0.0014751553596745925,1004.5000204309017
2024-06-07 02:00:00,70840.0,70872.06,70663.59,70824.08,469.58357,19.702265004004232,1,900,0.0014751553596745925,1004.4765212060221
2024-06-07 03:00:00,70824.09,71015.2,70741.2,70989.68,456.07768,19.201868342724687,1,900,0.0014751553596745925,1004.7208069335842
2024-06-07 04:00:00,70989.69,71274.7,70989.68,71226.52,1041.73348,18.098660808918734,1,900,0.0014751553596745925,1005.0701827289696
2024-06-07 05:00:00,71226.52,71449.98,71170.0,71290.6,1688.26465,17.73424527923023,1,900,0.0014751553596745925,1005.1647106844175
2024-06-07 06:00:00,71290.6,71353.06,71162.38,71265.7,589.45023,17.359743821758947,1,900,0.0014751553596745925,1005.1279793159616
2024-06-07 07:00:00,71265.7,71310.8,71068.16,71110.0,854.07909,16.560152441463806,1,900,0.0014751553596745925,1004.8982976264602
2024-06-07 08:00:00,71110.01,71192.4,71048.12,71117.2,754.25811,15.721240682304186,1,900,0.0014751553596745925,1004.90891874505
2024-06-07 09:00:00,71117.2,71307.28,71060.5,71302.07,605.73366,15.437156872625613,1,900,0.0014751553596745925,1005.181630716393
2024-06-07 10:00:00,71302.06,71434.86,71202.4,71377.38,577.69729,15.678223538581978,1,900,0.0014751553596745925,1005.29272466653
2024-06-07 11:00:00,71377.37,71700.0,71303.4,71699.99,1238.41758,16.78351173068238,1,900,0.0014751553596745925,1005.7686245371146
2024-06-07 12:00:00,71700.0,71997.02,70633.21,71234.09,5660.13497,16.10118109162149,1,900,0.0014751553596745925,1005.0813496550422
2024-06-07 13:00:00,71234.09,71655.04,71056.7,71534.6,1555.22338,15.467588355350665,1,900,0.0014751553596745925,1005.5246485921781
2024-06-07 14:00:00,71534.6,71544.06,71170.58,71430.94,991.06966,14.879252243099184,1,900,0.0014751553596745925,1005.3717339875942
2024-06-07 15:00:00,71430.93,71430.93,70850.0,71111.54,1650.05125,15.319109447038093,1,900,0.0014751553596745925,1004.9005693657142
2024-06-07 16:00:00,71111.55,71208.89,70779.0,70873.47,1125.96101,15.920891244718263,1,900,0.0014751553596745925,1004.5493791292364
2024-06-07 17:00:00,70873.48,70873.48,69800.37,69803.59,2585.76468,18.31657485163541,1,900,0.0014751553596745925,1002.9711399130277
2024-06-07 18:00:00,69803.59,69887.99,68420.0,69154.43,8271.3392,21.763985919330768,1,900,0.0014751553596745925,1002.0135280597415
2024-06-07 19:00:00,69154.44,69448.0,68800.0,69255.0,1934.14143,24.965153339333604,1,900,0.0014751553596745925,1002.1618844342639
2024-06-07 20:00:00,69255.01,69318.3,68978.52,69307.99,1132.53115,27.937665943621948,1,900,0.0014751553596745925,1002.240052916773
2024-06-07 21:00:00,69308.0,69377.85,69203.08,69250.01,496.62495,30.484576344974936,1,900,0.0014751553596745925,1002.1545234090191
2024-06-07 22:00:00,69250.01,69585.96,69184.0,69499.0,583.30376,32.11108473562796,1,900,0.0014751553596745925,1002.5218223420245
2024-06-07 23:00:00,69499.0,69499.0,69323.54,69355.6,440.1511,33.621413955520055,1,900,0.0014751553596745925,1002.3102850634472
2024-06-08 00:00:00,69355.6,69482.75,69296.41,69401.5,575.16895,35.05546310632415,1,900,0.0014751553596745925,1002.3779946944562
2024-06-08 01:00:00,69401.5,69475.04,69287.28,69465.25,531.15697,36.39838552004465,1,900,0.0014751553596745925,1002.4720358486355
2024-06-08 02:00:00,69465.24,69465.25,69387.6,69422.11,300.25806,37.645384904213685,1,900,0.0014751553596745925,1002.4083976464192
2024-06-08 03:00:00,69422.11,69525.0,69411.3,69432.0,385.05909,38.52539722023418,1,900,0.0014751553596745925,1002.4229869329263
2024-06-08 04:00:00,69432.0,69466.92,69277.96,69316.73,426.11437,39.54731387084836,1,900,0.0014751553596745925,1002.2529457746166
2024-06-08 05:00:00,69316.74,69342.79,69232.15,69319.99,353.35561,40.566172507356065,1,900,0.0014751553596745925,1002.2577547810891
2024-06-08 06:00:00,69320.0,69414.89,69296.26,69333.45,401.708,41.13884534225844,1,900,0.0014751553596745925,1002.2776103722304
2024-06-08 07:00:00,69333.44,69582.2,69333.44,69582.2,540.15299,40.83973843825792,1,900,0.0014751553596745925,1002.6445552679494
2024-06-08 08:00:00,69582.2,69582.2,69381.81,69436.42,364.24008,40.56199631311457,1,900,0.0014751553596745925,1002.4295071196161
2024-06-08 09:00:00,69436.43,69495.99,69382.8,69443.24,329.88546,40.30409291119575,1,900,0.0014751553596745925,1002.439567679169
2024-06-08 10:00:00,69443.25,69495.98,69360.01,69453.4,384.75747,40.123804231077266,1,900,0.0014751553596745925,1002.4545552576234
2024-06-08 11:00:00,69453.39,69515.0,69318.19,69365.93,547.11072,40.06890882128233,1,900,0.0014751553596745925,1002.3255234183126
2024-06-08 12:00:00,69365.94,69430.0,69265.0,69360.22,436.61346,40.163112798690044,1,900,0.0014751553596745925,1002.3171002812089
2024-06-08 13:00:00,69360.22,69430.01,69168.02,69430.0,801.65896,40.50908467361397,1,900,0.0014751553596745925,1002.4200366222069
2024-06-08 14:00:00,69430.01,69462.25,69309.82,69461.69,538.86257,40.606339682282915,1,900,0.0014751553596745925,1002.466784295555
2024-06-08 15:00:00,69461.68,69491.36,69421.17,69430.01,341.4374,40.487932293210356,1,900,0.0014751553596745925,1002.4200513737605
2024-06-08 16:00:00,69430.01,69470.16,69292.22,69387.15,570.23186,40.768120711433994,1,900,0.0014751553596745925,1002.3568262150449
2024-06-08 17:00:00,69387.16,69470.0,69336.01,69439.99,489.14706,41.02829567121309,1,900,0.0014751553596745925,1002.4347734242501
2024-06-08 18:00:00,69440.0,69480.0,69427.98,69454.89,269.32881,41.187550748653564,1,900,0.0014751553596745925,1002.4567532391093
2024-06-08 19:00:00,69454.88,69490.0,69427.88,69460.01,249.35631,41.24821842922232,1,900,0.0014751553596745925,1002.4643060345508
2024-06-08 20:00:00,69460.0,69475.18,69313.31,69372.73,304.03471,41.69850247282414,1,900,0.0014751553596745925,1002.3355544747584
2024-06-08 21:00:00,69372.74,69424.47,69327.04,69404.91,179.28795,42.116623370454406,1,900,0.0014751553596745925,1002.3830249742327
2024-06-08 22:00:00,69404.9,69404.91,69290.28,69338.15,201.17805,42.632987400077624,1,900,0.0014751553596745925,1002.2845436024209
2024-06-08 23:00:00,69338.15,69340.0,69292.99,69310.46,253.72476,43.112468284727754,1,900,0.0014751553596745925,1002.2436965505115
2024-06-09 00:00:00,69310.46,69327.99,69225.84,69268.7,279.12784,43.802118004047784,1,900,0.0014751553596745925,1002.1820940626915
2024-06-09 01:00:00,69268.7,69346.9,69230.0,69285.0,207.30721,44.2234435156721,1,900,0.0014751553596745925,1002.2061390950541
2024-06-09 02:00:00,69285.01,69298.0,69139.93,69174.93,386.92647,44.950108987873705,1,900,0.0014751553596745925,1002.0437687446148
2024-06-09 03:00:00,69174.92,69298.0,69130.24,69259.38,311.25819,45.659727365947326,1,900,0.0014751553596745925,1002.1683456147393
2024-06-09 04:00:00,69259.38,69306.22,69244.64,69304.44,215.2078,46.21155169644101,1,900,0.0014751553596745925,1002.2348161152462
2024-06-09 05:00:00,69304.44,69360.4,69234.73,69293.47,201.54054,46.019460926848744,1,900,0.0014751553596745925,1002.2186336609506
2024-06-09 06:00:00,69293.48,69400.0,69276.95,69391.01,246.31461,45.34721935122142,1,900,0.0014751553596745925,1002.3625203147333
2024-06-09 07:00:00,69391.02,69425.7,69273.47,69295.64,368.4744,44.40515271038449,1,900,0.0014751553596745925,1002.221834748081
2024-06-09 08:00:00,69295.64,69356.0,69283.45,69352.15,210.63135,43.530376543893055,1,900,0.0014751553596745925,1002.3051957774563
2024-06-09 09:00:00,69352.15,69397.19,69341.95,69369.98,195.9235,42.17915989484383,1,900,0.0014751553596745925,1002.3314977975193
2024-06-09 10:00:00,69369.99,69373.24,69333.07,69346.49,236.87264,40.994898059331376,1,900,0.0014751553596745925,1002.2968463981206
2024-06-09 11:00:00,69346.5,69389.0,69333.0,69367.69,225.66556,39.67639384247269,1,900,0.0014751553596745925,1002.3281196917457
2024-06-09 12:00:00,69367.68,69760.0,69351.11,69712.95,864.72707,38.576994799621936,1,900,0.0014751553596745925,1002.8374318312269
2024-06-09 13:00:00,69712.96,69777.0,69250.01,69467.03,1517.18414,36.66102910623776,1,900,0.0014751553596745925,1002.4746616251757
2024-06-09 14:00:00,69467.04,69559.0,69264.01,69490.12,679.92624,34.88191810523817,1,900,0.0014751553596745925,1002.5087229624306
2024-06-09 15:00:00,69490.13,69590.37,69420.42,69508.64,716.46617,33.45058671134891,1,900,0.0014751553596745925,1002.5360428396917
2024-06-09 16:00:00,69508.64,69636.98,69500.0,69622.88,386.18326,32.444193432596435,1,900,0.0014751553596745925,1002.7045645879809
2024-06-09 17:00:00,69622.88,69698.48,69570.0,69660.51,281.76588,31.913462207773787,1,900,0.0014751553596745925,1002.7600746841656
2024-06-09 18:00:00,69660.52,69848.32,69611.26,69738.1,755.07201,32.25276226952894,1,900,0.0014751553596745925,1002.8745319885227
2024-06-09 19:00:00,69738.09,69857.14,69660.03,69710.26,559.04291,32.61194593539513,1,900,0.0014751553596745925,1002.8334636633093
2024-06-09 20:00:00,69710.26,69730.81,69590.33,69686.85,315.37374,32.194006921504304,1,900,0.0014751553596745925,1002.7989302763394
2024-06-09 21:00:00,69686.86,69821.53,69610.0,69749.96,275.10337,32.313360824835335,1,900,0.0014751553596745925,1002.8920273310885
2024-06-09 22:00:00,69749.95,69787.13,69621.2,69634.35,283.03816,32.42418944935701,1,900,0.0014751553596745925,1002.7214846199565
2024-06-09 23:00:00,69634.36,69684.93,69596.01,69648.14,171.43403,32.23747123348865,1,900,0.0014751553596745925,1002.7418270123663
2024-06-10 00:00:00,69648.15,69655.11,69426.0,69559.99,450.64669,30.391072267342036,1,900,0.0014751553596745925,1002.6117920674111
2024-06-10 01:00:00,69559.99,69686.42,69516.0,69625.52,475.14533,28.907577702606137,1,900,0.0014751553596745925,1002.7084589981305
2024-06-10 02:00:00,69625.52,69801.34,69608.4,69716.0,723.3512,28.305722470207105,1,900,0.0014751553596745925,1002.8419310550739
2024-06-10 03:00:00,69716.01,69767.41,69574.8,69613.2,336.95189,27.433138850657166,1,900,0.0014751553596745925,1002.6902850840993
2024-06-10 04:00:00,69613.2,69677.5,69530.95,69674.33,286.62824,26.218746829609877,1,900,0.0014751553596745925,1002.7804613312362
2024-06-10 05:00:00,69674.33,69674.33,69530.0,69580.48,338.77292,25.08213782034284,1,900,0.0014751553596745925,1002.6420180007308
2024-06-10 06:00:00,69580.47,69618.76,69301.0,69429.87,802.10432,24.34853571814344,1,900,0.0014751553596745925,1002.4198448520102
2024-06-10 07:00:00,69429.87,69500.0,69249.99,69303.99,684.35492,23.982501915169983,1,900,0.0014751553596745925,1002.2341522953344
2024-06-10 08:00:00,69304.0,69494.99,69279.35,69387.5,544.63785,23.64261338383749,1,900,0.0014751553596745925,1002.3573425194207
2024-06-10 09:00:00,69387.5,69474.39,69172.29,69449.99,762.57186,23.972981124314394,1,900,0.0014751553596745925,1002.4495249778469
2024-06-10 10:00:00,69450.0,69470.93,69357.38,69439.99,440.02591,24.27975116904295,1,900,0.0014751553596745925,1002.4347734242501
2024-06-10 11:00:00,69439.99,69550.0,69337.02,69473.89,470.06175,23.762863475245602,1,900,0.0014751553596745925,1002.4847811909431
2024-06-10 12:00:00,69473.89,69520.01,69331.55,69363.99,455.61451,23.321276645754683,1,900,0.0014751553596745925,1002.3226616169148
2024-06-10 13:00:00,69364.0,69512.9,69201.59,69408.21,839.30304,23.748176364233643,1,900,0.0014751553596745925,1002.3878929869197
2024-06-10 14:00:00,69408.21,69662.1,69300.01,69662.09,818.84462,22.763941042423145,1,900,0.0014751553596745925,1002.7624054296339
2024-06-10 15:00:00,69662.1,70195.94,69612.26,70066.12,2090.82351,23.29680950867064,1,900,0.0014751553596745925,1003.3584124496032
2024-06-10 16:00:00,70066.12,70105.82,69722.0,69972.17,1157.81759,23.791615941614744,1,900,0.0014751553596745925,1003.2198216035617
2024-06-10 17:00:00,69972.18,70060.0,69761.89,70043.0,591.25585,24.25107905791998,1,900,0.0014751553596745925,1003.3243068576875
2024-06-10 18:00:00,70043.01,70141.1,69737.56,69860.01,1199.79773,25.00094610890804,1,900,0.0014751553596745925,1003.0543681784206
2024-06-10 19:00:00,69860.01,69860.01,69386.81,69490.8,1347.29029,23.464425208013193,1,900,0.0014751553596745925,1002.5097260680752
2024-06-10 20:00:00,69490.81,69700.51,69334.46,69632.51,1256.69999,21.80485752510658,1,900,0.0014751553596745925,1002.7187703340946
2024-06-10 21:00:00,69632.51,69694.68,69530.0,69585.48,333.26051,20.263830390979013,1,900,0.0014751553596745925,1002.6493937775292
2024-06-10 22:00:00,69585.49,69592.0,69424.28,69495.99,371.95973,19.386271056746065,1,900,0.0014751553596745925,1002.5173821243919
2024-06-10 23:00:00,69495.99,69563.38,69400.01,69540.0,344.74916,18.69520780021583,1,900,0.0014751553596745925,1002.5823037117711
2024-06-11 00:00:00,69540.0,69590.01,69400.0,69410.85,441.01662,17.882877263260035,1,900,0.0014751553596745925,1002.3917873970692
2024-06-11 01:00:00,69410.86,69523.71,68500.0,68724.01,2101.67951,20.055269452185488,1,900,0.0014751553596745925,1001.3785916898303
2024-06-11 02:00:00,68724.0,68922.29,67900.0,68268.62,4237.94052,22.962299085314246,1,900,0.0014751553596745925,1000.7068206905881
2024-06-11 03:00:00,68268.62,68488.0,68170.0,68464.0,1288.03235,25.66168374464809,1,900,0.0014751553596745925,1000.9950365447613
2024-06-11 04:00:00,68464.0,68464.0,67617.0,68024.04,3130.15278,28.742365502963512,1,900,0.0014751553596745925,1000.3460271927189
2024-06-11 05:00:00,68024.03,68056.28,67657.03,67903.57,1529.1594,31.602998564256403,1,900,0.0014751553596745925,1000.1683152265389
2024-06-11 06:00:00,67903.58,67974.49,67325.0,67692.0,1795.62101,34.53752632960915,1,900,0.0014751553596745925,999.8562166070925
2024-06-11 07:00:00,67691.99,67844.76,67526.95,67570.18,1342.86514,37.262444968865275,1,900,0.0014751553596745925,999.6765131811769
2024-06-11 08:00:00,67570.18,67641.03,67284.38,67516.74,1502.84818,39.979309557840295,1,900,0.0014751553596745925,999.5976808787559
2024-06-11 09:00:00,67516.75,67662.49,66900.0,67084.34,2014.92142,42.74966532114151,1,900,0.0014751553596745925,998.9598237012326
2024-06-11 10:00:00,67084.33,67303.46,66732.0,66961.99,2002.2537,45.41610482166096,1,900,0.0014751553596745925,998.7793384429765
2024-06-11 11:00:00,66961.99,67123.13,66762.58,66890.01,1762.47556,47.89208435785759,1,900,0.0014751553596745925,998.6731567601871
2024-06-11 12:00:00,66890.0,67194.31,66790.8,67019.99,1589.99015,49.811224036972554,1,900,0.0014751553596745925,998.8648974538376
2024-06-11 13:00:00,67020.0,67278.88,66568.35,66812.0,2543.43037,51.756318251946446,1,900,0.0014751553596745925,998.5580798905789
2024-06-11 14:00:00,66812.01,67103.42,66776.81,66851.26,1417.57274,53.56247716585078,1,900,0.0014751553596745925,998.6159944899997
2024-06-11 15:00:00,66851.27,67076.0,66051.0,66244.48,3798.63037,55.65770576619675,1,900,0.0014751553596745925,997.7208997208563
2024-06-11 16:00:00,66244.48,66738.78,66161.26,66487.47,1997.24793,57.60327518080373,1,900,0.0014751553596745925,998.0793477217037
2024-06-11 17:00:00,66487.48,66805.98,66175.0,66770.99,1527.13797,59.061757630702274,1,900,0.0014751553596745925,998.4975837692787
2024-06-11 18:00:00,66771.0,67229.93,66652.39,67117.3,1607.24429,58.46684246597491,1,900,0.0014751553596745925,999.0084448218876
2024-06-11 19:00:00,67117.31,67586.64,67070.51,67407.01,1419.52041,56.601328786989654,1,900,0.0014751553596745925,999.4358120811388
2024-06-11 20:00:00,67407.02,67500.0,67173.92,67290.07,840.01284,54.86906608507478,1,900,0.0014751553596745925,999.2633074133785
2024-06-11 21:00:00,67290.07,67396.62,67202.26,67396.61,414.56314,53.26053643329668,1,900,0.0014751553596745925,999.4204704653982
2024-06-11 22:00:00,67396.61,67572.54,67311.42,67360.22,500.47608,51.106351273818625,1,900,0.0014751553596745925,999.3667895618597
2024-06-11 23:00:00,67360.22,67588.22,67309.91,67314.24,631.2234,49.047454971352785,1,900,0.0014751553596745925,999.2989619184218
2024-06-12 00:00:00,67314.23,67436.53,67183.47,67199.99,565.54988,47.43923195764594,1,900,0.0014751553596745925,999.1304254185791
2024-06-12 01:00:00,67199.99,67240.0,66905.0,67180.01,889.30788,46.54843781167499,1,900,0.0014751553596745925,999.1009518144928
2024-06-12 02:00:00,67180.0,67596.15,67128.08,67415.25,877.47097,44.40481466550783,1,900,0.0014751553596745925,999.4479673613025
2024-06-12 03:00:00,67415.26,67496.25,67317.77,67407.0,589.92467,42.41430745835261,1,900,0.0014751553596745925,999.4357973295853
2024-06-12 04:00:00,67407.01,67624.89,67350.01,67481.59,973.22406,40.11558154188869,1,900,0.0014751553596745925,999.5458291678634
2024-06-12 05:00:00,67481.6,67505.13,67195.97,67243.21,577.77673,38.399266023691666,1,900,0.0014751553596745925,999.1941816332242
2024-06-12 06:00:00,67243.21,67382.81,67243.2,67281.64,520.52806,36.805544471080154,1,900,0.0014751553596745925,999.2508718536965
2024-06-12 07:00:00,67281.63,67500.01,67229.78,67453.63,640.98918,34.87440225142369,1,900,0.0014751553596745925,999.5045838240069
2024-06-12 08:00:00,67453.64,67532.64,67376.1,67393.46,530.28455,32.95531565637265,1,900,0.0014751553596745925,999.4158237260153
2024-06-12 09:00:00,67393.47,67804.0,67353.02,67753.32,905.14024,30.999274635523324,1,900,0.0014751553596745925,999.9466731337478
2024-06-12 10:00:00,67753.33,68059.01,67753.32,67991.98,1156.6136,29.944230834960546,1,900,0.0014751553596745925,1000.2987337118877
2024-06-12 11:00:00,67991.99,68015.4,67716.22,67778.43,766.68201,28.820289359829307,1,900,0.0014751553596745925,999.9837142848291
2024-06-12 12:00:00,67778.43,69488.0,67736.0,69339.29,5379.40042,30.388341428566907,1,900,0.0014751553596745925,1002.2862252795309
2024-06-12 13:00:00,69339.29,69649.8,69084.0,69320.0,2735.10239,32.01319980713691,1,900,0.0014751553596745925,1002.2577695326428
2024-06-12 14:00:00,69320.01,69980.0,69300.01,69960.57,2435.37218,33.84148183090889,1,900,0.0014751553596745925,1003.2027098013896
2024-06-12 15:00:00,69960.56,69999.0,69539.54,69734.0,1853.76085,35.556975017941376,1,900,0.0014751553596745925,1002.868483851548
2024-06-12 16:00:00,69734.0,69786.46,69289.5,69616.0,1321.98201,36.28264470114889,1,900,0.0014751553596745925,1002.6944155191064
2024-06-12 17:00:00,69616.01,69862.4,69492.0,69799.99,1193.83082,37.05163328950813,1,900,0.0014751553596745925,1002.9658293537329
2024-06-12 18:00:00,69800.0,69808.47,68575.0,68828.01,4588.76503,35.224671094262405,1,900,0.0014751553596745925,1001.5320078472364
2024-06-12 19:00:00,68828.0,69226.14,67250.0,67532.92,4783.44414,34.0667150366396,1,900,0.0014751553596745925,999.6215488924755
2024-06-12 20:00:00,67532.92,68312.0,67413.51,68103.97,1909.74876,32.991470125989856,1,900,0.0014751553596745925,1000.4639363606177
2024-06-12 21:00:00,68103.96,68667.44,68097.91,68536.0,963.6066,31.326422395795497,1,900,0.0014751553596745925,1001.1012477306579
2024-06-12 22:00:00,68536.0,68539.99,68270.92,68345.82,591.22825,29.780306646329304,1,900,0.0014751553596745925,1000.820702684355
2024-06-12 23:00:00,68345.81,68347.0,68124.0,68263.99,425.59028,28.578356187713094,1,900,0.0014751553596745925,1000.6999907212728
2024-06-13 00:00:00,68263.98,68393.63,68005.85,68330.02,653.24483,27.651409096034172,1,900,0.0014751553596745925,1000.7973952296721
2024-06-13 01:00:00,68330.02,68363.35,67910.0,67979.63,644.57501,26.94674986605122,1,900,0.0014751553596745925,1000.2805155431957
2024-06-13 02:00:00,67979.63,68177.0,67690.95,67734.81,1421.54407,26.64419194065428,1,900,0.0014751553596745925,999.9193680080402
2024-06-13 03:00:00,67734.8,67850.08,66969.98,67474.94,2449.28588,27.330119835043245,1,900,0.0014751553596745925,999.5360193847216
2024-06-13 04:00:00,67474.95,67729.41,67328.0,67328.01,1050.04279,27.967052879833,1,900,0.0014751553596745925,999.3192748077246
2024-06-13 05:00:00,67328.01,67680.0,67328.01,67604.04,641.7077,28.558490707137768,1,900,0.0014751553596745925,999.7264619416555
2024-06-13 06:00:00,67604.04,67614.55,67300.3,67518.57,618.73732,29.14564845596691,1,900,0.0014751553596745925,999.6003804130642
2024-06-13 07:00:00,67518.58,67724.81,67399.99,67724.81,653.27078,29.35386684790615,1,900,0.0014751553596745925,999.9046164544434
2024-06-13 08:00:00,67724.8,67752.06,67508.0,67565.56,609.72584,29.461400359204028,1,900,0.0014751553596745925,999.6696979634153
2024-06-13 09:00:00,67565.57,67569.67,67168.0,67419.86,1062.57603,30.099177538751754,1,900,0.0014751553596745925,999.4547678275106
2024-06-13 10:00:00,67419.86,67971.2,67230.94,67820.4,1099.80601,29.488655013651275,1,900,0.0014751553596745925,1000.0456265552747
2024-06-13 11:00:00,67820.4,67961.07,67648.49,67739.99,990.11181,28.92174124034369,1,900,0.0014751553596745925,999.9270093128033
2024-06-13 12:00:00,67740.0,68449.3,67439.43,67749.54,2656.79802,27.123774183533232,1,900,0.0014751553596745925,999.9410970464882
2024-06-13 13:00:00,67749.54,68272.0,67521.55,67589.99,1896.88356,25.454233345066378,1,900,0.0014751553596745925,999.7057360088521
2024-06-13 14:00:00,67590.0,67739.28,67150.0,67365.62,2241.2768,24.690881125143527,1,900,0.0014751553596745925,999.3747554008019
2024-06-13 15:00:00,67365.62,67537.87,66368.76,66470.01,3376.95479,25.235212707052977,1,900,0.0014751553596745925,998.0535915091237
2024-06-13 16:00:00,66470.01,67019.42,66251.78,66976.0,2330.72822,25.895989817454282,1,900,0.0014751553596745925,998.8000053695655
2024-06-13 17:00:00,66976.01,67080.13,66639.47,66920.0,1129.90298,26.340129947236058,1,900,0.0014751553596745925,998.7173966694237
2024-06-13 18:00:00,66919.99,66976.87,66693.43,66862.99,808.59044,26.752545782033422,1,900,0.0014751553596745925,998.6332980623687
2024-06-13 19:00:00,66862.99,66884.0,66588.83,66604.01,822.61164,27.300590393779064,1,900,0.0014751553596745925,998.2512623273201
2024-06-13 20:00:00,66604.01,66810.48,66530.84,66712.98,599.29078,27.902800750064547,1,900,0.0014751553596745925,998.4120100068639
2024-06-13 21:00:00,66712.97,66969.99,66680.14,66969.99,532.99338,27.92174163753275,1,900,0.0014751553596745925,998.7911396858539
2024-06-13 22:00:00,66969.99,66980.0,66840.07,66896.0,416.84137,27.904982076847745,1,900,0.0014751553596745925,998.6819929407916
2024-06-13 23:00:00,66895.99,66909.26,66681.4,66773.01,372.05566,28.200316874659872,1,900,0.0014751553596745925,998.5005635831052
2024-06-14 00:00:00,66773.01,66897.96,66604.6,66727.73,762.28668,28.62222596959214,1,900,0.0014751553596745925,998.433768548419
2024-06-14 01:00:00,66727.73,66833.1,66480.0,66806.17,665.04544,29.25153276149881,1,900,0.0014751553596745925,998.549479734832
2024-06-14 02:00:00,66806.17,67027.32,66713.5,66952.0,732.09671,29.06919840569683,1,900,0.0014751553596745925,998.7646016409333
2024-06-14 03:00:00,66952.01,66982.98,66676.28,66744.0,545.50916,28.982942622875417,1,900,0.0014751553596745925,998.457769326121
2024-06-14 04:00:00,66744.0,66833.33,66717.0,66717.39,359.54742,28.90284796739839,1,900,0.0014751553596745925,998.4185154420001
2024-06-14 05:00:00,66717.38,67221.32,66707.76,67052.49,894.3083,27.35882962431886,1,900,0.0014751553596745925,998.912840003027
2024-06-14 06:00:00,67052.5,67124.29,66876.0,66962.41,731.33334,25.925098305745014,1,900,0.0014751553596745925,998.7799580082276
2024-06-14 07:00:00,66962.4,67110.1,66885.68,66904.98,957.85519,24.593776367069296,1,900,0.0014751553596745925,998.6952398359214
2024-06-14 08:00:00,66904.98,67256.32,66863.46,67152.04,1185.19372,22.85617940720598,1,900,0.0014751553596745925,999.0596917190826
2024-06-14 09:00:00,67152.04,67152.04,66899.39,66920.01,824.75726,21.242696515904324,1,900,0.0014751553596745925,998.7174114209773
2024-06-14 10:00:00,66920.01,67015.92,66836.54,66873.14,620.47859,19.949116189891914,1,900,0.0014751553596745925,998.6482708892694
2024-06-14 11:00:00,66873.15,67101.0,66746.4,67036.0,753.50403,19.092280058955275,1,900,0.0014751553596745925,998.8885146911459
2024-06-14 12:00:00,67035.99,67288.0,66960.58,67083.3,927.69147,17.932014024746362,1,900,0.0014751553596745925,998.9582895396586
2024-06-14 13:00:00,67083.31,67370.24,66950.0,67070.5,1248.80917,17.168606424750514,1,900,0.0014751553596745925,998.9394075510547
2024-06-14 14:00:00,67070.49,67115.25,66561.3,66982.98,1941.14189,16.858777131583697,1,900,0.0014751553596745925,998.810301953976
2024-06-14 15:00:00,66982.98,67059.46,66344.67,66392.0,1612.81579,17.199960048743446,1,900,0.0014751553596745925,997.9385146395156
2024-06-14 16:00:00,66392.0,66520.0,65200.87,65293.4,5528.72338,19.55875178318571,1,900,0.0014751553596745925,996.317908961377
2024-06-14 17:00:00,65293.39,65753.23,65078.31,65416.01,1609.37202,21.892684998902876,1,900,0.0014751553596745925,996.4987777600268
2024-06-14 18:00:00,65416.01,65537.31,65078.0,65524.86,1647.78965,24.060284084236375,1,900,0.0014751553596745925,996.6593484209274
2024-06-14 19:00:00,65524.85,65684.0,65299.99,65520.02,897.89248,25.49573742559401,1,900,0.0014751553596745925,996.6522086689865
2024-06-14 20:00:00,65520.02,65970.23,65480.0,65766.41,901.37516,25.795210198400593,1,900,0.0014751553596745925,997.0156721980567
2024-06-14 21:00:00,65766.41,66627.52,65725.77,66196.01,1843.14999,24.231264696206583,1,900,0.0014751553596745925,997.649398940573
2024-06-14 22:00:00,66196.01,66252.0,65882.35,66014.01,869.02998,22.779029587026432,1,900,0.0014751553596745925,997.3809206651122
2024-06-14 23:00:00,66014.01,66081.39,65916.0,66043.99,348.48115,21.430525557073434,1,900,0.0014751553596745925,997.4251458227952
2024-06-15 00:00:00,66043.99,66287.76,65967.5,66185.62,835.37883,20.1580438978367,1,900,0.0014751553596745925,997.6340720763859
2024-06-15 01:00:00,66185.62,66290.0,66064.88,66076.01,380.8254,18.98227018440871,1,900,0.0014751553596745925,997.472380297412
2024-06-15 02:00:00,66076.0,66253.29,66050.32,66215.35,310.18359,17.84693387813393,1,900,0.0014751553596745925,997.6779284452291
2024-06-15 03:00:00,66215.34,66273.88,66192.0,66267.87,481.86121,16.85412202898085,1,900,0.0014751553596745925,997.7554036047192
2024-06-15 04:00:00,66267.87,66380.58,66210.0,66246.85,509.33409,16.255970084959507,1,900,0.0014751553596745925,997.7243958390588
2024-06-15 05:00:00,66246.84,66389.1,66215.29,66231.82,459.71934,15.726961990187025,1,900,0.0014751553596745925,997.7022242540029
2024-06-15 06:00:00,66231.81,66416.66,66127.0,66168.57,848.80651,14.900217386796337,1,900,0.0014751553596745925,997.6089206775034
2024-06-15 07:00:00,66168.57,66200.0,66065.8,66076.99,1073.61193,13.90034917590506,1,900,0.0014751553596745925,997.4738259496645
2024-06-15 08:00:00,66076.99,66221.31,66076.98,66221.31,285.96083,13.05378001909054,1,900,0.0014751553596745925,997.6867203711727
2024-06-15 09:00:00,66221.31,66280.8,66086.51,66227.0,339.29279,12.5028181474332,1,900,0.0014751553596745925,997.6951140051692
2024-06-15 10:00:00,66227.0,66306.31,66195.91,66300.01,361.43381,12.094543705640906,1,900,0.0014751553596745925,997.8028150979791
2024-06-15 11:00:00,66300.01,66348.0,66264.01,66319.95,507.09036,11.88982500185462,1,900,0.0014751553596745925,997.832229695851
2024-06-15 12:00:00,66319.94,66360.0,66222.7,66348.01,342.37283,11.487587954511183,1,900,0.0014751553596745925,997.8736225552434
2024-06-15 13:00:00,66348.01,66354.82,66240.11,66313.47,340.40198,11.114082124835134,1,900,0.0014751553596745925,997.8226706891203
2024-06-15 14:00:00,66313.47,66313.47,66153.84,66220.52,564.32062,10.342134903253728,1,900,0.0014751553596745925,997.6855549984385
2024-06-15 15:00:00,66220.51,66478.48,66210.83,66316.02,853.45194,10.39040874179999,1,900,0.0014751553596745925,997.8264323352874
2024-06-15 16:00:00,66316.02,66360.0,66179.99,66184.0,410.46563,10.259038800789153,1,900,0.0014751553596745925,997.6316823247032
2024-06-15 17:00:00,66184.0,66304.94,66133.92,66250.01,426.7889,9.869460984904963,1,900,0.0014751553596745925,997.7290573299954
2024-06-15 18:00:00,66250.0,66250.0,66139.5,66145.19,344.05073,9.507710155869644,1,900,0.0014751553596745925,997.5744315451942
2024-06-15 19:00:00,66145.19,66208.0,66071.47,66154.7,250.34183,8.903142539560061,1,900,0.0014751553596745925,997.5884602726647
2024-06-15 20:00:00,66154.7,66170.99,65857.1,66048.02,711.4407,9.467198487332132,1,900,0.0014751553596745925,997.4310906988946
2024-06-15 21:00:00,66048.02,66149.0,66042.85,66126.89,245.18396,9.990964724549055,1,900,0.0014751553596745925,997.5474362021122
2024-06-15 22:00:00,66126.89,66200.0,66045.08,66200.0,350.99333,10.1262237567851,1,900,0.0014751553596745925,997.655284810458
2024-06-15 23:00:00,66199.99,66287.76,66199.99,66228.25,218.49128,9.673658282201771,1,900,0.0014751553596745925,997.6969579493689
2024-06-16 00:00:00,66228.25,66269.74,66161.95,66161.96,223.59845,9.47791223242524,1,900,0.0014751553596745925,997.599169900576
2024-06-16 01:00:00,66161.96,66218.48,66102.03,66175.68,256.25855,9.645185441167147,1,900,0.0014751553596745925,997.6194090321108
2024-06-16 02:00:00,66175.68,66182.26,66114.27,66142.86,149.85752,9.800510563570345,1,900,0.0014751553596745925,997.5709944332062
2024-06-16 03:00:00,66142.86,66164.3,66076.55,66146.0,160.87464,10.177272194875965,1,900,0.0014751553596745925,997.5756264210356
2024-06-16 04:00:00,66145.99,66207.72,66034.5,66166.02,203.12394,10.167406235425913,1,900,0.0014751553596745925,997.6051590313363
2024-06-16 05:00:00,66166.02,66264.0,66166.01,66264.0,292.77588,9.705740398661812,1,900,0.0014751553596745925,997.7496947534772
2024-06-16 06:00:00,66264.0,66360.18,66178.77,66312.01,420.12202,9.457554831191198,1,900,0.0014751553596745925,997.8205169622952
2024-06-16 07:00:00,66312.01,66357.97,66252.0,66266.3,263.94537,9.227096804254199,1,900,0.0014751553596745925,997.7530876108044
2024-06-16 08:00:00,66266.3,66340.0,66241.64,66272.51,215.38158,8.923360644227413,1,900,0.0014751553596745925,997.762248325588
2024-06-16 09:00:00,66272.51,66428.45,66172.5,66409.97,880.00508,9.306997599968982,1,900,0.0014751553596745925,997.9650231813289
2024-06-16 10:00:00,66409.97,66770.0,66372.47,66716.31,846.02903,11.436692349567005,1,900,0.0014751553596745925,998.4169222742116
2024-06-16 11:00:00,66716.31,66742.39,66435.15,66492.83,454.36316,13.41426604562231,1,900,0.0014751553596745925,998.0872545544315
2024-06-16 12:00:00,66492.83,66642.2,66480.0,66597.47,315.8042,15.250584477673666,1,900,0.0014751553596745925,998.2416148112679
2024-06-16 13:00:00,66597.48,66762.5,66560.0,66762.49,556.85752,17.447254733065016,1,900,0.0014751553596745925,998.4850449487215
2024-06-16 14:00:00,66762.49,66793.72,66504.0,66519.02,655.22459,18.927754614521117,1,900,0.0014751553596745925,998.1258888733014
2024-06-16 15:00:00,66519.01,66723.0,66512.06,66712.8,326.44028,20.302504504444638,1,900,0.0014751553596745925,998.4117444788992
2024-06-16 16:00:00,66712.8,66744.71,66557.2,66592.19,353.20377,21.683030020082153,1,900,0.0014751553596745925,998.2338259909689
2024-06-16 17:00:00,66592.19,66669.99,66522.0,66578.02,372.34466,22.571127612047754,1,900,0.0014751553596745925,998.2129230395223
2024-06-16 18:00:00,66578.02,66669.95,66573.51,66590.01,237.38299,23.3957896617301,1,900,0.0014751553596745925,998.2306101522847
2024-06-16 19:00:00,66590.01,66647.69,66522.0,66562.52,177.53389,23.559891100468313,1,900,0.0014751553596745925,998.1900581314472
2024-06-16 20:00:00,66562.52,66620.01,66461.25,66517.55,309.00194,23.049006287227567,1,900,0.0014751553596745925,998.1237203949227
2024-06-16 21:00:00,66517.54,66541.53,66460.0,66525.0,189.30242,22.561024039568526,1,900,0.0014751553596745925,998.1347103023522
2024-06-16 22:00:00,66525.01,66998.7,66525.0,66755.99,1146.76764,24.451552335275863,1,900,0.0014751553596745925,998.4754564388835
2024-06-16 23:00:00,66755.99,66826.13,66631.4,66676.87,386.32311,26.207042895575537,1,900,0.0014751553596745925,998.358742146826
2024-06-17 00:00:00,66676.86,66913.69,66549.37,66583.96,735.55873,28.128507603654107,1,900,0.0014751553596745925,998.2216854623587
2024-06-17 01:00:00,66583.96,66610.0,66234.26,66472.26,961.96966,27.323761352032424,1,900,0.0014751553596745925,998.056910608683
2024-06-17 02:00:00,66472.25,66480.0,66213.71,66344.02,1076.67846,26.439983379739946,1,900,0.0014751553596745925,997.8677366853584
2024-06-17 03:00:00,66344.01,66431.36,66155.0,66222.0,533.17482,25.22598241526513,1,900,0.0014751553596745925,997.6877382283709
2024-06-17 04:00:00,66222.0,66447.88,66170.77,66447.88,497.32084,24.191252442052214,1,900,0.0014751553596745925,998.0209463210142
2024-06-17 05:00:00,66447.88,66567.68,66295.0,66351.62,476.40709,23.8713052765294,1,900,0.0014751553596745925,997.8789478660918
2024-06-17 06:00:00,66351.62,66398.0,66080.0,66132.4,837.29384,22.183249434894133,1,900,0.0014751553596745925,997.555564308144
2024-06-17 07:00:00,66132.4,66376.0,65939.67,66172.0,1032.03165,21.31636181075122,1,900,0.0014751553596745925,997.6139804603871
2024-06-17 08:00:00,66172.0,66317.64,65984.01,66194.51,730.25457,20.511394731189945,1,900,0.0014751553596745925,997.6471862075334
2024-06-17 09:00:00,66194.5,66250.01,65645.34,65722.08,1260.94761,21.197509787601888,1,900,0.0014751553596745925,996.9502785609624
2024-06-17 10:00:00,65722.07,65960.01,65556.0,65890.0,1393.98219,22.132154004044118,1,900,0.0014751553596745925,997.1979866489589
2024-06-17 11:00:00,65890.01,66051.5,65796.01,65817.2,710.24566,22.40840569214203,1,900,0.0014751553596745925,997.0905953387746
2024-06-17 12:00:00,65817.2,65827.9,65500.0,65625.01,866.70938,23.59997657426964,1,900,0.0014751553596745925,996.8070852301987
2024-06-17 13:00:00,65625.49,65807.05,65189.0,65200.01,1747.87782,25.432020838889052,1,900,0.0014751553596745925,996.180144202337
2024-06-17 14:00:00,65200.0,65790.0,65130.0,65472.98,1382.34399,27.25265204913492,1,900,0.0014751553596745925,996.5828173608675
2024-06-17 15:00:00,65472.98,65788.73,65239.97,65368.0,1356.80458,28.943238172934652,1,900,0.0014751553596745925,996.4279555512088
2024-06-17 16:00:00,65368.0,66056.65,65138.0,65898.0,2064.83382,28.9190067063247,1,900,0.0014751553596745925,997.2097878918363
2024-06-17 17:00:00,65898.01,66607.28,65898.0,66607.28,1936.55029,27.075314506629645,1,900,0.0014751553596745925,998.2560860853463
2024-06-17 18:00:00,66607.27,67298.81,66550.03,67101.48,3203.57956,27.09418915760211,1,900,0.0014751553596745925,998.9851078640975
2024-06-17 19:00:00,67101.48,67114.0,66562.68,66691.99,1075.11928,27.1117156192194,1,900,0.0014751553596745925,998.3810464958643
2024-06-17 20:00:00,66691.99,66764.7,66164.01,66397.94,1425.44933,25.824946174725884,1,900,0.0014751553596745925,997.947277062352
2024-06-17 21:00:00,66397.94,66717.9,66306.46,66572.0,617.52734,24.630088833410476,1,900,0.0014751553596745925,998.204042604257
2024-06-17 22:00:00,66572.0,66702.99,66482.0,66656.0,436.26182,23.52057844504617,1,900,0.0014751553596745925,998.3279556544696
2024-06-17 23:00:00,66656.01,66714.81,66392.79,66504.33,1027.24618,22.190324540782036,1,900,0.0014751553596745925,998.1042188410678
2024-06-18 00:00:00,66504.33,66588.23,65485.71,65749.99,1865.04054,22.47738727829687,1,900,0.0014751553596745925,996.9914501470508
2024-06-18 01:00:00,65749.98,65966.11,64600.0,65133.99,4761.20322,23.996833240905826,1,900,0.0014751553596745925,996.0827544454913
2024-06-18 02:00:00,65133.99,65653.68,64569.0,65467.43,3252.7603,25.443426650142307,1,900,0.0014751553596745925,996.5746302486212
2024-06-18 03:00:00,65467.42,65575.16,65268.0,65500.0,1162.36152,26.78669195871904,1,900,0.0014751553596745925,996.6226760586858
2024-06-18 04:00:00,65500.0,65769.25,65344.24,65574.21,1102.05127,27.40987662053028,1,900,0.0014751553596745925,996.7321473379272
2024-06-18 05:00:00,65574.21,65845.47,65555.0,65596.01,1048.15462,27.746777019661742,1,900,0.0014751553596745925,996.7643057247682
2024-06-18 06:00:00,65596.01,65732.16,65389.44,65500.0,1274.92399,28.32724551355245,1,900,0.0014751553596745925,996.6226760586858
2024-06-18 07:00:00,65499.99,65800.0,65489.56,65672.51,915.19877,28.63545241227588,1,900,0.0014751553596745925,996.8771551097833
2024-06-18 08:00:00,65672.51,65750.01,65588.0,65727.53,529.04939,28.92164453251906,1,900,0.0014751553596745925,996.9583181576726
2024-06-18 09:00:00,65727.54,65727.54,65439.97,65469.92,727.65859,29.460507190366805,1,900,0.0014751553596745925,996.5783033854668
2024-06-18 10:00:00,65469.92,65612.84,65344.99,65435.52,904.28749,30.132164917797436,1,900,0.0014751553596745925,996.5275580410939
2024-06-18 11:00:00,65435.51,65487.83,65100.0,65366.0,1571.16015,31.17023885178184,1,900,0.0014751553596745925,996.4250052404894
2024-06-18 12:00:00,65366.0,65433.97,65001.0,65231.95,1933.01425,32.2909146614696,1,900,0.0014751553596745925,996.227260664525
2024-06-18 13:00:00,65231.95,65268.0,64638.06,64844.0,3060.79121,33.84540109252483,1,900,0.0014751553596745925,995.6549741427393
2024-06-18 14:00:00,64844.01,65406.0,64359.92,64633.99,3780.769,35.6186788819843,1,900,0.0014751553596745925,995.3451767656541
2024-06-18 15:00:00,64634.0,64929.95,64261.12,64706.0,2620.93731,37.37458416714106,1,900,0.0014751553596745925,995.4514027031041
2024-06-18 16:00:00,64705.99,64868.98,64336.0,64700.99,2052.90247,39.005067646215196,1,900,0.0014751553596745925,995.4440121747522
2024-06-18 17:00:00,64700.99,64904.91,64400.0,64610.0,1492.33413,40.34315948127297,1,900,0.0014751553596745925,995.3097877885755
2024-06-18 18:00:00,64609.99,64867.88,64321.0,64678.01,1240.60852,41.69170653106418,1,900,0.0014751553596745925,995.4101131045869
2024-06-18 19:00:00,64678.0,64738.83,64060.0,64412.19,2189.08648,43.26749866052679,1,900,0.0014751553596745925,995.0179873068782
2024-06-18 20:00:00,64412.18,65048.21,64178.1,64936.51,2194.40345,43.27801690702865,1,900,0.0014751553596745925,995.7914407650628
2024-06-18 21:00:00,64936.5,65305.0,64797.48,65220.02,1082.28714,42.26417055202562,1,900,0.0014751553596745925,996.2096620610841
2024-06-18 22:00:00,65220.02,65300.0,65052.44,65279.99,777.47664,41.32274179380851,1,900,0.0014751553596745925,996.2981271280038
2024-06-18 23:00:00,65279.99,65279.99,65056.29,65175.32,811.64199,40.44855794689263,1,900,0.0014751553596745925,996.1437226165067
2024-06-19 00:00:00,65175.32,65225.89,64855.96,65142.54,1039.9205,40.086240649347374,1,900,0.0014751553596745925,996.0953670238165
2024-06-19 01:00:00,65142.53,65500.0,64810.62,65035.59,2158.94373,38.63176381280262,1,900,0.0014751553596745925,995.9375991580994
2024-06-19 02:00:00,65035.59,65489.43,65012.0,65327.94,984.48214,37.281178178868196,1,900,0.0014751553596745925,996.3688608275002
2024-06-19 03:00:00,65327.94,65603.91,65282.0,65404.0,1078.82025,35.5735357648497,1,900,0.0014751553596745925,996.481061144157
2024-06-19 04:00:00,65404.0,65727.54,65349.99,65425.56,1171.36875,33.517406459325585,1,900,0.0014751553596745925,996.5128654937116
2024-06-19 05:00:00,65425.56,65557.13,65335.0,65413.09,619.02934,31.658269561310572,1,900,0.0014751553596745925,996.4944703063765
2024-06-19 06:00:00,65413.09,65600.0,65400.0,65599.99,707.43631,29.757932869825538,1,900,0.0014751553596745925,996.7701768430996
2024-06-19 07:00:00,65600.0,65656.24,65158.05,65326.89,1101.37468,28.814374742052962,1,900,0.0014751553596745925,996.3673119143725
2024-06-19 08:00:00,65326.89,65356.0,65102.0,65183.89,692.85427,28.112970298713623,1,900,0.0014751553596745925,996.1563646979391
2024-06-19 09:00:00,65183.89,65306.66,65072.0,65306.65,802.0825,27.557819340321945,1,900,0.0014751553596745925,996.3374547698927
2024-06-19 10:00:00,65306.66,65520.0,65132.09,65520.0,712.38788,26.07187359683657,1,900,0.0014751553596745925,996.6521791658793
2024-06-19 11:00:00,65520.0,65544.0,65000.0,65210.0,1644.40047,25.158348491836055,1,900,0.0014751553596745925,996.1948810043801
2024-06-19 12:00:00,65210.0,65310.02,65030.48,65192.21,629.09782,24.31007518004986,1,900,0.0014751553596745925,996.1686379905316
2024-06-19 13:00:00,65192.21,65245.21,65054.0,65090.22,580.28069,23.522392819105537,1,900,0.0014751553596745925,996.0181868953983
2024-06-19 14:00:00,65090.22,65141.89,64832.57,64952.02,1222.80938,23.582826070350052,1,900,0.0014751553596745925,995.8143204246913
2024-06-19 15:00:00,64952.02,65129.57,64756.28,64922.0,798.50963,23.883584197317123,1,900,0.0014751553596745925,995.7700362607939
2024-06-19 16:00:00,64921.99,65100.03,64807.35,64922.26,801.58932,24.162859600929405,1,900,0.0014751553596745925,995.7704198011875
2024-06-19 17:00:00,64922.26,65284.37,64894.25,65083.99,873.5408,23.39424130587269,1,900,0.0014751553596745925,996.0089966775076
2024-06-19 18:00:00,65083.99,65158.79,64964.06,64973.0,464.92693,22.68052431760574,1,900,0.0014751553596745925,995.8452691841374
2024-06-19 19:00:00,64973.0,64985.49,64791.76,64882.01,447.24346,22.690735503774146,1,900,0.0014751553596745925,995.7110447979605
2024-06-19 20:00:00,64882.02,64933.74,64666.0,64874.76,590.94408,23.134493495345986,1,900,0.0014751553596745925,995.7003499216029
2024-06-19 21:00:00,64874.76,65087.76,64836.98,65004.38,353.32839,22.679925183692013,1,900,0.0014751553596745925,995.8915595593239
2024-06-19 22:00:00,65004.38,65048.23,64836.0,64836.01,305.3068,22.26165781123774,1,900,0.0014751553596745925,995.6431876514155
2024-06-19 23:00:00,64836.01,64995.19,64805.01,64974.37,280.11764,22.000872503469203,1,900,0.0014751553596745925,995.8472901469801
2024-06-20 00:00:00,64974.37,65100.36,64818.72,65098.01,1043.19496,21.14207294096008,1,900,0.0014751553596745925,996.0296783556503
2024-06-20 01:00:00,65098.0,65407.4,65033.02,65158.56,717.01787,20.38210940784705,1,900,0.0014751553596745925,996.1189990126785
2024-06-20 02:00:00,65158.57,65237.11,64960.0,65197.45,627.73522,19.31711633054878,1,900,0.0014751553596745925,996.1763678046162
2024-06-20 03:00:00,65197.45,65244.21,65092.0,65189.99,376.17873,18.36022703270233,1,900,0.0014751553596745925,996.1653631456331
2024-06-20 04:00:00,65190.0,65338.72,65070.91,65306.01,479.52516,17.89960373759928,1,900,0.0014751553596745925,996.3365106704625
2024-06-20 05:00:00,65306.01,65613.3,65252.0,65513.93,797.99923,18.51721654733645,1,900,0.0014751553596745925,996.643224972846
2024-06-20 06:00:00,65513.93,65635.83,65386.0,65465.24,818.36715,19.16662399610558,1,900,0.0014751553596745925,996.5713996583835
2024-06-20 07:00:00,65465.24,65967.39,65465.23,65858.84,1122.59755,20.734135236080487,1,900,0.0014751553596745925,997.1520208079514
2024-06-20 08:00:00,65858.84,65927.48,65603.33,65690.63,700.1449,22.189681387485756,1,900,0.0014751553596745925,996.9038849249006
2024-06-20 09:00:00,65690.63,65750.32,65559.45,65719.99,726.30298,23.260722518972322,1,900,0.0014751553596745925,996.9471954862606
2024-06-20 10:00:00,65719.99,66287.49,65646.0,66209.49,869.96099,25.459683615095514,1,900,0.0014751553596745925,997.6692840348213
2024-06-20 11:00:00,66209.49,66482.94,66109.38,66169.85,1420.28827,27.813972737989534,1,900,0.0014751553596745925,997.6108088763639
2024-06-20 12:00:00,66169.86,66300.5,65864.88,65979.99,1282.52182,28.714131328116487,1,900,0.0014751553596745925,997.3307358797761
2024-06-20 13:00:00,65979.99,65998.0,65136.22,65142.65,2651.10672,26.869469094602888,1,900,0.0014751553596745925,996.0955292909061
2024-06-20 14:00:00,65142.65,65188.99,64658.06,64952.02,1979.37081,25.911407711356542,1,900,0.0014751553596745925,995.8143204246913
2024-06-20 15:00:00,64952.02,65126.91,64788.4,64831.23,1418.7677,25.021779284056368,1,900,0.0014751553596745925,995.6361364087962
2024-06-20 16:00:00,64831.24,64950.0,64559.15,64888.0,1552.4506,24.6974345066936,1,900,0.0014751553596745925,995.719880978565
2024-06-20 17:00:00,64887.99,65027.26,64690.79,64970.02,778.89348,24.15000304391661,1,900,0.0014751553596745925,995.8408732211655
2024-06-20 18:00:00,64970.01,65217.21,64940.0,65116.01,712.23293,23.052928738484788,1,900,0.0014751553596745925,996.0562311521244
2024-06-20 19:00:00,65116.01,65116.01,64830.0,65050.0,2164.87422,22.30832716596176,1,900,0.0014751553596745925,995.9588561468322
2024-06-20 20:00:00,65049.99,65200.11,65001.97,65099.99,776.74481,21.347551078480855,1,900,0.0014751553596745925,996.0325991632624
2024-06-20 21:00:00,65100.0,65188.23,65040.51,65050.46,272.03163,20.455401854391447,1,900,0.0014751553596745925,995.9595347182977
2024-06-20 22:00:00,65050.47,65150.48,64970.0,64989.95,288.29161,19.832243431113795,1,900,0.0014751553596745925,995.8702730674838
2024-06-20 23:00:00,64989.95,65064.42,64848.7,64869.99,688.69097,19.60156649101313,1,900,0.0014751553596745925,995.6933134305373
2024-06-21 00:00:00,64869.99,64940.0,64635.49,64832.0,752.02054,19.95082718523596,1,900,0.0014751553596745925,995.6372722784232
2024-06-21 01:00:00,64832.0,65015.4,64655.17,64967.98,938.18606,19.9659478207227,1,900,0.0014751553596745925,995.8378639042318
2024-06-21 02:00:00,64967.99,65066.66,64721.01,64786.0,555.58921,19.766912591426667,1,900,0.0014751553596745925,995.5694151318781
2024-06-21 03:00:00,64786.0,64832.75,64345.0,64506.14,905.30357,20.552018310578884,1,900,0.0014751553596745925,995.1565781529196
2024-06-21 04:00:00,64506.15,64673.02,64318.0,64670.0,832.17164,21.342966936050633,1,900,0.0014751553596745925,995.3982971101559
2024-06-21 05:00:00,64670.0,64681.02,64508.0,64661.47,524.09296,22.040008536952254,1,900,0.0014751553596745925,995.3857140349379
2024-06-21 06:00:00,64661.47,64736.1,64562.5,64627.64,627.49011,22.418896971369417,1,900,0.0014751553596745925,995.3358095291201
2024-06-21 07:00:00,64627.64,64739.09,64190.76,64201.63,1033.34054,23.665352457421346,1,900,0.0014751553596745925,994.7073785943451
2024-06-21 08:00:00,64201.63,64372.15,63522.75,63639.64,2349.97676,25.897192221054215,1,900,0.0014751553596745925,993.8783560337616
2024-06-21 09:00:00,63639.64,64300.0,63564.37,64100.0,1803.08001,27.969614858713307,1,900,0.0014751553596745925,994.5574585551414
2024-06-21 10:00:00,64100.0,64174.0,63814.0,63896.02,856.49464,29.894007307968177,1,900,0.0014751553596745925,994.256556364875
2024-06-21 11:00:00,63896.02,64060.01,63672.55,63770.0,1106.70545,31.880790603917507,1,900,0.0014751553596745925,994.0706572864487
2024-06-21 12:00:00,63770.01,63929.98,63505.0,63827.39,1278.63406,33.94723504467216,1,900,0.0014751553596745925,994.1553164525405
2024-06-21 13:00:00,63827.39,63879.07,63379.35,63615.21,2331.22014,36.022623108623414,1,900,0.0014751553596745925,993.8423179883248
2024-06-21 14:00:00,63615.21,64360.0,63452.47,64222.84,2304.87226,35.76859893269056,1,900,0.0014751553596745925,994.7386666395238
2024-06-21 15:00:00,64222.83,64353.54,63445.41,63732.02,2003.80076,35.546963561351845,1,900,0.0014751553596745925,994.0146308858883
2024-06-21 16:00:00,63732.02,63838.71,63564.56,63657.29,1135.06578,35.3411592879659,1,900,0.0014751553596745925,993.9043925258599
2024-06-21 17:00:00,63657.28,63891.68,63465.17,63671.04,964.64571,35.371269356656946,1,900,0.0014751553596745925,993.9246759120554
2024-06-21 18:00:00,63671.04,64187.03,63648.02,64172.01,1073.12054,34.15500122384557,1,900,0.0014751553596745925,994.6636844925915
2024-06-21 19:00:00,64172.01,64264.95,63944.12,64232.01,862.93662,32.72829874729306,1,900,0.0014751553596745925,994.7521938141721
