timestamp,open,high,low,close,volume,indicator,upperband,lowerband,signal,balance_usdt,balance_btc,total_balance
2024-06-01 00:00:00,3762.29,3768.66,3752.67,3764.15,6432.9727,,,,0,1000.0,0.0,1000.0
2024-06-01 01:00:00,3764.15,3776.19,3759.22,3766.79,5351.1208,,,,0,1000.0,0.0,1000.0
2024-06-01 02:00:00,3766.79,3779.36,3766.0,3777.79,3479.6136,,,,0,1000.0,0.0,1000.0
2024-06-01 03:00:00,3777.79,3782.07,3774.51,3778.98,3898.7589,,,,0,1000.0,0.0,1000.0
2024-06-01 04:00:00,3778.98,3785.26,3771.19,3784.35,3846.3542,,,,0,1000.0,0.0,1000.0
2024-06-01 05:00:00,3784.35,3794.11,3778.33,3789.79,6063.0824,,,,0,1000.0,0.0,1000.0
2024-06-01 06:00:00,3789.79,3791.81,3782.31,3788.84,5030.0455,,,,0,1000.0,0.0,1000.0
2024-06-01 07:00:00,3788.84,3790.67,3770.31,3773.0,4903.5483,,,,0,1000.0,0.0,1000.0
2024-06-01 08:00:00,3772.99,3802.0,3772.43,3799.11,11748.8694,,,,0,1000.0,0.0,1000.0
2024-06-01 09:00:00,3799.11,3809.55,3788.48,3793.14,8704.6185,,,,0,1000.0,0.0,1000.0
2024-06-01 10:00:00,3793.14,3796.05,3784.07,3785.99,3260.1453,,,,0,1000.0,0.0,1000.0
2024-06-01 11:00:00,3785.99,3793.39,3782.07,3788.28,4303.1593,,,,0,1000.0,0.0,1000.0
2024-06-01 12:00:00,3788.28,3806.97,3787.0,3795.71,6240.3949,,,,0,1000.0,0.0,1000.0
2024-06-01 13:00:00,3795.71,3809.8,3795.3,3802.01,5232.4455,,,,0,1000.0,0.0,1000.0
2024-06-01 14:00:00,3802.01,3814.67,3797.0,3809.66,5739.4996,,,,0,1000.0,0.0,1000.0
2024-06-01 15:00:00,3809.66,3812.69,3798.17,3798.6,5988.1808,,,,0,1000.0,0.0,1000.0
2024-06-01 16:00:00,3798.6,3806.43,3794.15,3799.0,5596.9092,,,,0,1000.0,0.0,1000.0
2024-06-01 17:00:00,3799.0,3809.09,3790.21,3807.01,5935.6776,,,,0,1000.0,0.0,1000.0
2024-06-01 18:00:00,3807.01,3809.81,3797.71,3802.0,4140.3878,,,,0,1000.0,0.0,1000.0
2024-06-01 19:00:00,3801.99,3806.73,3797.15,3804.51,2493.4532,3790.4354999999996,3816.0091594764613,3764.861840523538,0,1000.0,0.0,1000.0
2024-06-01 20:00:00,3804.5,3807.5,3799.0,3806.78,3852.6661,3792.567,3816.0421341635974,3769.0918658364026,0,1000.0,0.0,1000.0
2024-06-01 21:00:00,3806.78,3822.0,3805.5,3815.51,7398.4506,3795.0029999999997,3817.357664927243,3772.6483350727563,0,1000.0,0.0,1000.0
2024-06-01 22:00:00,3815.5,3833.3,3815.5,3821.86,8282.8056,3797.2065000000002,3820.9827825312154,3773.430217468785,-1,1000.0,0.0,1000.0
2024-06-01 23:00:00,3821.86,3823.39,3813.12,3815.82,4764.0408,3799.048500000001,3822.598259467753,3775.4987405322486,0,1000.0,0.0,1000.0
2024-06-02 00:00:00,3815.82,3836.25,3814.0,3835.3,5719.4885,3801.5960000000005,3828.950290632214,3774.241709367787,-1,1000.0,0.0,1000.0
2024-06-02 01:00:00,3835.3,3838.59,3822.5,3824.0,7291.8452,3803.306500000001,3831.750576553406,3774.862423446596,0,1000.0,0.0,1000.0
2024-06-02 02:00:00,3824.0,3826.46,3797.7,3806.5,16733.8008,3804.1895000000013,3831.8685624654836,3776.510437534519,0,1000.0,0.0,1000.0
2024-06-02 03:00:00,3806.5,3811.17,3802.71,3807.13,10617.5403,3805.8960000000015,3829.595245894415,3782.1967541055883,0,1000.0,0.0,1000.0
2024-06-02 04:00:00,3807.13,3821.49,3804.26,3821.35,15363.4543,3807.0080000000016,3831.4060192630495,3782.6099807369537,0,1000.0,0.0,1000.0
2024-06-02 05:00:00,3821.35,3824.5,3805.5,3805.55,9589.6552,3807.6285000000016,3831.201453377956,3784.055546622047,0,1000.0,0.0,1000.0
2024-06-02 06:00:00,3805.52,3815.0,3805.01,3814.98,7052.9885,3809.0780000000013,3830.628960627494,3787.5270393725086,0,1000.0,0.0,1000.0
2024-06-02 07:00:00,3814.99,3815.0,3792.25,3793.33,10260.5506,3809.3305000000014,3830.0011898521475,3788.6598101478553,0,1000.0,0.0,1000.0
2024-06-02 08:00:00,3793.33,3801.58,3781.43,3794.2,6504.4733,3809.255000000001,3830.134114444363,3788.375885555639,0,1000.0,0.0,1000.0
2024-06-02 09:00:00,3794.2,3797.78,3770.99,3780.16,13434.9393,3808.1625000000013,3832.4517773661073,3783.8732226338952,1,900.0,0.026453906712943367,1000.0
2024-06-02 10:00:00,3780.16,3783.4,3771.38,3782.19,7947.0683,3806.7890000000016,3833.563776114158,3780.0142238858452,0,900.0,0.026453906712943367,1000.0537014306273
2024-06-02 11:00:00,3782.19,3810.0,3777.1,3805.01,12157.0903,3807.109500000001,3833.6368213683463,3780.5821786316556,0,900.0,0.026453906712943367,1000.6573795818166
2024-06-02 12:00:00,3805.01,3810.0,3786.11,3788.11,6339.1578,3806.565000000001,3834.161308810824,3778.968691189178,0,900.0,0.026453906712943367,1000.2103085583678
2024-06-02 13:00:00,3788.12,3800.6,3776.86,3796.09,6066.4733,3806.019000000001,3833.9880778534616,3778.0499221465407,0,900.0,0.026453906712943367,1000.4214107339371
2024-06-02 14:00:00,3796.1,3810.0,3790.01,3806.0,7433.77,3806.219000000001,3834.127402247136,3778.3105977528658,0,900.0,0.026453906712943367,1000.6835689494625
2024-06-02 15:00:00,3805.99,3807.93,3792.71,3798.78,4139.7769,3805.9325000000013,3834.0222524903425,3777.84274750966,0,900.0,0.026453906712943367,1000.492571742995
2024-06-02 16:00:00,3798.79,3803.67,3787.3,3791.35,4645.7151,3805.1610000000014,3833.9540470073407,3776.367952992662,0,900.0,0.026453906712943367,1000.2960192161179
2024-06-02 17:00:00,3791.35,3791.35,3772.11,3772.12,12225.351,3802.9915000000015,3834.7268716058256,3771.2561283941773,0,900.0,0.026453906712943367,999.7873105900279
2024-06-02 18:00:00,3772.11,3774.39,3752.62,3770.85,12726.6809,3800.4410000000016,3833.855439333241,3767.026560666762,0,900.0,0.026453906712943367,999.7537141285025
2024-06-02 19:00:00,3770.86,3783.19,3759.97,3782.37,7987.5916,3798.768500000001,3832.2848424461786,3765.2521575538235,0,900.0,0.026453906712943367,1000.0584631338356
2024-06-02 20:00:00,3782.37,3787.45,3765.99,3787.44,10509.9099,3796.375500000001,3825.68755040558,3767.063449594422,0,900.0,0.026453906712943367,1000.1925844408702
2024-06-02 21:00:00,3787.45,3793.54,3781.77,3783.09,4365.2689,3794.330000000001,3821.2583924506584,3767.401607549343,0,900.0,0.026453906712943367,1000.0775099466689
2024-06-02 22:00:00,3783.09,3796.44,3775.91,3782.3,4880.1493,3793.1200000000013,3819.9267961526066,3766.313203847396,0,900.0,0.026453906712943367,1000.0566113603657
2024-06-02 23:00:00,3782.3,3787.7,3780.46,3780.91,6302.7014,3791.809000000001,3818.309759158446,3765.308240841556,0,900.0,0.026453906712943367,1000.0198404300347
2024-06-03 00:00:00,3780.92,3782.43,3761.05,3773.48,6841.2556,3789.4155000000005,3813.3326733068216,3765.4983266931795,0,900.0,0.026453906712943367,999.8232879031575
2024-06-03 01:00:00,3773.49,3806.2,3772.0,3803.73,9571.9982,3789.3245,3813.008136101879,3765.6408638981216,0,900.0,0.026453906712943367,1000.6235185812241
2024-06-03 02:00:00,3803.72,3821.32,3803.72,3808.41,10995.4908,3788.9960000000005,3811.3945110219493,3766.597488978052,0,900.0,0.026453906712943367,1000.7473228646406
2024-06-03 03:00:00,3808.4,3810.0,3792.04,3799.5,7133.4374,3789.3045000000006,3812.0997341289253,3766.509265871076,0,900.0,0.026453906712943367,1000.5116185558284
2024-06-03 04:00:00,3799.51,3822.13,3795.18,3817.55,9083.4017,3790.4720000000007,3816.3358540050986,3764.6081459949028,-1,1000.989111571997,0.0,1000.989111571997
2024-06-03 05:00:00,3817.56,3830.83,3812.25,3814.5,8970.6555,3792.1890000000008,3819.599729213227,3764.7782707867746,0,1000.989111571997,0.0,1000.989111571997
2024-06-03 06:00:00,3814.5,3842.01,3811.56,3826.3,12324.9199,3794.394500000001,3825.1289630505103,3763.6600369494913,-1,1000.989111571997,0.0,1000.989111571997
2024-06-03 07:00:00,3826.29,3832.0,3812.92,3817.82,11368.9843,3795.035000000001,3827.1314063407094,3762.938593659293,0,1000.989111571997,0.0,1000.989111571997
2024-06-03 08:00:00,3817.81,3840.16,3815.0,3824.75,15922.3697,3796.867000000001,3831.2728065447577,3762.4611934552445,0,1000.989111571997,0.0,1000.989111571997
2024-06-03 09:00:00,3824.75,3826.0,3812.58,3816.02,10925.6547,3797.8635000000017,3833.2617232742355,3762.465276725768,0,1000.989111571997,0.0,1000.989111571997
2024-06-03 10:00:00,3816.02,3820.0,3807.69,3809.41,5003.3184,3798.034000000002,3833.619695665065,3762.4483043349387,0,1000.989111571997,0.0,1000.989111571997
2024-06-03 11:00:00,3809.42,3818.75,3804.7,3809.0,5177.5749,3798.545000000002,3834.4509407336677,3762.639059266336,0,1000.989111571997,0.0,1000.989111571997
2024-06-03 12:00:00,3809.01,3841.66,3808.6,3840.79,11232.4919,3801.017000000001,3841.158846544387,3760.8751534556154,0,1000.989111571997,0.0,1000.989111571997
2024-06-03 13:00:00,3840.79,3849.99,3823.23,3823.24,19915.8554,3803.5730000000017,3842.521688347378,3764.6243116526252,0,1000.989111571997,0.0,1000.989111571997
2024-06-03 14:00:00,3823.23,3833.73,3758.43,3769.42,37906.8844,3803.501500000001,3842.6946934267644,3764.308306573238,0,1000.989111571997,0.0,1000.989111571997
2024-06-03 15:00:00,3769.42,3796.83,3765.6,3796.82,13424.7376,3804.224000000002,3842.350615584942,3766.097384415062,0,1000.989111571997,0.0,1000.989111571997
2024-06-03 16:00:00,3796.82,3798.63,3760.0,3769.81,14286.2554,3803.3425000000016,3843.7288194036637,3762.9561805963394,0,1000.989111571997,0.0,1000.989111571997
2024-06-03 17:00:00,3769.81,3782.81,3759.0,3780.2,7874.1406,3803.1980000000017,3843.8926382705667,3762.5033617294366,0,1000.989111571997,0.0,1000.989111571997
2024-06-03 18:00:00,3780.2,3789.7,3776.0,3778.76,5040.6684,3803.0210000000015,3844.1065954802125,3761.9354045197906,0,1000.989111571997,0.0,1000.989111571997
2024-06-03 19:00:00,3778.77,3781.37,3767.5,3773.4,4597.083,3802.645500000001,3844.6593503232198,3760.631649676782,0,1000.989111571997,0.0,1000.989111571997
2024-06-03 20:00:00,3773.39,3784.88,3770.6,3771.76,3736.7521,3802.5595000000008,3844.818127273028,3760.3008727269735,0,1000.989111571997,0.0,1000.989111571997
2024-06-03 21:00:00,3771.75,3778.25,3759.67,3773.45,7798.188,3801.045500000001,3845.156965391395,3756.9340346086074,0,1000.989111571997,0.0,1000.989111571997
2024-06-03 22:00:00,3773.45,3778.51,3760.2,3778.51,6052.8742,3799.5505000000003,3844.579422472117,3754.5215775278834,0,1000.989111571997,0.0,1000.989111571997
2024-06-03 23:00:00,3778.51,3781.08,3761.15,3767.06,3663.7099,3797.9285000000004,3845.132380465485,3750.724619534516,0,1000.989111571997,0.0,1000.989111571997
2024-06-04 00:00:00,3767.07,3769.74,3730.0,3759.93,18075.6618,3795.0474999999997,3844.106466917642,3745.988533082357,0,1000.989111571997,0.0,1000.989111571997
2024-06-04 01:00:00,3759.93,3779.67,3751.94,3774.66,7044.4785,3793.0555,3842.028554417868,3744.082445582132,0,1000.989111571997,0.0,1000.989111571997
2024-06-04 02:00:00,3774.66,3783.08,3768.02,3771.49,5120.8889,3790.315,3837.6467388230526,3742.9832611769475,0,1000.989111571997,0.0,1000.989111571997
2024-06-04 03:00:00,3771.49,3785.19,3770.62,3773.51,7000.3484,3788.0994999999994,3834.20629276456,3741.9927072354385,0,1000.989111571997,0.0,1000.989111571997
2024-06-04 04:00:00,3773.51,3778.03,3763.59,3764.5,6799.855,3785.0869999999995,3829.0446064410903,3741.1293935589088,0,1000.989111571997,0.0,1000.989111571997
2024-06-04 05:00:00,3764.51,3773.83,3757.96,3762.0,4637.9362,3782.3859999999995,3825.0277797005833,3739.7442202994157,0,1000.989111571997,0.0,1000.989111571997
2024-06-04 06:00:00,3762.0,3769.2,3752.1,3763.35,5841.084,3780.0829999999996,3821.598306623384,3738.5676933766154,0,1000.989111571997,0.0,1000.989111571997
2024-06-04 07:00:00,3763.35,3778.63,3762.66,3774.72,4891.5742,3778.3689999999997,3817.7426368148654,3738.995363185134,0,1000.989111571997,0.0,1000.989111571997
2024-06-04 08:00:00,3774.72,3782.99,3760.0,3761.11,6464.0197,3774.3849999999998,3802.081436955501,3746.6885630444986,0,1000.989111571997,0.0,1000.989111571997
2024-06-04 09:00:00,3761.11,3764.19,3741.6,3749.05,10764.4683,3770.6755,3789.7296674975846,3751.621332502415,1,900.989111571997,0.026673423934063294,1000.989111571997
2024-06-04 10:00:00,3749.05,3770.0,3747.1,3765.89,6832.7639,3770.499,3789.661505995402,3751.3364940045976,0,900.989111571997,0.026673423934063294,1001.4382920310466
2024-06-04 11:00:00,3765.89,3769.0,3757.26,3764.65,4774.4507,3768.890499999999,3783.895022619817,3753.885977380181,0,900.989111571997,0.026673423934063294,1001.4052169853684
2024-06-04 12:00:00,3764.65,3768.75,3753.57,3763.76,8421.5648,3768.587999999999,3783.749298890854,3753.426701109144,0,900.989111571997,0.026673423934063294,1001.381477638067
2024-06-04 13:00:00,3763.77,3787.43,3763.77,3776.0,15570.1024,3768.3779999999992,3782.996769580206,3753.7592304197924,0,900.989111571997,0.026673423934063294,1001.7079603470199
2024-06-04 14:00:00,3776.0,3795.98,3768.29,3778.0,19498.0595,3768.3399999999992,3782.854201322838,3753.8257986771605,0,900.989111571997,0.026673423934063294,1001.7613071948881
2024-06-04 15:00:00,3777.99,3817.99,3771.47,3810.63,23679.782,3770.2015,3793.640130741182,3746.7628692588182,-1,1002.6316610178566,0.0,1002.6316610178566
2024-06-04 16:00:00,3810.63,3826.42,3803.56,3818.7,21521.9601,3772.5485,3804.128096118668,3740.9689038813317,-1,1002.6316610178566,0.0,1002.6316610178566
2024-06-04 17:00:00,3818.7,3831.65,3804.67,3813.57,12212.0464,3774.5545000000006,3810.8527768048984,3738.256223195103,-1,1002.6316610178566,0.0,1002.6316610178566
2024-06-04 18:00:00,3813.57,3826.0,3811.76,3811.77,8554.851,3776.217500000001,3815.9713943373636,3736.4636056626387,0,1002.6316610178566,0.0,1002.6316610178566
2024-06-04 19:00:00,3811.67,3811.76,3776.2,3800.38,9901.9677,3777.8835000000013,3818.740117713349,3737.0268822866537,0,1002.6316610178566,0.0,1002.6316610178566
2024-06-04 20:00:00,3800.37,3812.26,3792.0,3806.74,5430.0838,3780.224000000002,3822.05013221371,3738.397867786294,0,1002.6316610178566,0.0,1002.6316610178566
2024-06-04 21:00:00,3806.74,3821.54,3802.41,3812.98,8286.4574,3782.1400000000017,3826.221068498632,3738.0589315013713,0,1002.6316610178566,0.0,1002.6316610178566
2024-06-04 22:00:00,3812.97,3822.0,3808.29,3814.39,6712.8402,3784.285000000001,3830.220438388996,3738.3495616110063,0,1002.6316610178566,0.0,1002.6316610178566
2024-06-04 23:00:00,3814.39,3816.0,3808.5,3810.23,4026.5019,3786.1210000000015,3833.110247663441,3739.131752336562,0,1002.6316610178566,0.0,1002.6316610178566
2024-06-05 00:00:00,3810.23,3829.25,3808.84,3819.74,6857.6144,3788.8830000000016,3836.945758180974,3740.8202418190294,0,1002.6316610178566,0.0,1002.6316610178566
2024-06-05 01:00:00,3819.73,3839.92,3813.33,3822.6,11142.3111,3791.913000000002,3840.4530165220526,3743.372983477951,0,1002.6316610178566,0.0,1002.6316610178566
2024-06-05 02:00:00,3822.6,3823.55,3800.0,3803.56,11539.7274,3793.9235000000017,3840.8694933429815,3746.977506657022,0,1002.6316610178566,0.0,1002.6316610178566
2024-06-05 03:00:00,3803.57,3810.78,3801.4,3810.45,7921.4418,3795.7100000000014,3842.315043932638,3749.1049560673646,0,1002.6316610178566,0.0,1002.6316610178566
2024-06-05 04:00:00,3810.45,3812.63,3803.55,3809.8,7743.3998,3798.1445000000012,3842.2874108575556,3754.001589142447,0,1002.6316610178566,0.0,1002.6316610178566
2024-06-05 05:00:00,3809.81,3811.31,3777.33,3788.76,23429.2528,3800.130000000001,3838.4495448821885,3761.8104551178135,0,1002.6316610178566,0.0,1002.6316610178566
2024-06-05 06:00:00,3788.76,3814.67,3784.17,3814.66,10749.3342,3802.568500000001,3837.9570723218735,3767.179927678129,0,1002.6316610178566,0.0,1002.6316610178566
2024-06-05 07:00:00,3814.66,3820.81,3804.0,3809.58,10556.4616,3804.8150000000014,3835.708910402627,3773.9210895973756,0,1002.6316610178566,0.0,1002.6316610178566
2024-06-05 08:00:00,3809.57,3811.03,3800.0,3802.78,10499.563,3806.766000000002,3831.320709038225,3782.211290961779,0,1002.6316610178566,0.0,1002.6316610178566
2024-06-05 09:00:00,3802.79,3806.0,3790.27,3797.48,7386.7723,3807.8400000000015,3828.4859787841146,3787.1940212158884,0,1002.6316610178566,0.0,1002.6316610178566
2024-06-05 10:00:00,3797.49,3801.4,3788.9,3795.37,6920.9715,3808.7085000000015,3825.3294004255335,3792.0875995744696,0,1002.6316610178566,0.0,1002.6316610178566
2024-06-05 11:00:00,3795.36,3807.6,3790.48,3804.31,6710.7934,3808.392500000001,3825.095369064282,3791.68963093572,0,1002.6316610178566,0.0,1002.6316610178566
2024-06-05 12:00:00,3804.31,3824.44,3802.5,3820.24,16294.8842,3808.4695000000015,3825.3747021269064,3791.5642978730966,0,1002.6316610178566,0.0,1002.6316610178566
2024-06-05 13:00:00,3820.23,3821.82,3792.49,3799.56,9821.7676,3807.769000000001,3824.9298821440543,3790.608117855948,0,1002.6316610178566,0.0,1002.6316610178566
2024-06-05 14:00:00,3799.55,3803.24,3782.0,3794.91,10963.4151,3806.926000000001,3824.857047263767,3788.9949527362346,0,1002.6316610178566,0.0,1002.6316610178566
2024-06-05 15:00:00,3794.9,3820.0,3792.34,3813.58,10477.5164,3807.5860000000007,3825.47636545128,3789.6956345487215,0,1002.6316610178566,0.0,1002.6316610178566
2024-06-05 16:00:00,3813.59,3820.98,3796.8,3802.16,10391.1544,3807.357000000001,3825.401405337201,3789.3125946628006,0,1002.6316610178566,0.0,1002.6316610178566
2024-06-05 17:00:00,3802.16,3848.41,3800.0,3840.93,15820.4674,3808.7545000000005,3831.9254770828006,3785.5835229172003,-1,1002.6316610178566,0.0,1002.6316610178566
2024-06-05 18:00:00,3840.94,3870.5,3839.04,3846.0,34159.0528,3810.3350000000005,3838.5838219218085,3782.0861780781925,-1,1002.6316610178566,0.0,1002.6316610178566
2024-06-05 19:00:00,3846.0,3878.0,3833.88,3876.54,12924.0786,3813.6505000000006,3854.031733004557,3773.2692669954445,-1,1002.6316610178566,0.0,1002.6316610178566
2024-06-05 20:00:00,3876.53,3887.47,3862.6,3863.89,10852.5611,3815.858,3861.7768068659016,3769.939193134099,-1,1002.6316610178566,0.0,1002.6316610178566
2024-06-05 21:00:00,3863.88,3864.0,3845.45,3847.85,6034.0069,3817.1205,3865.055538322627,3769.185461677373,0,1002.6316610178566,0.0,1002.6316610178566
2024-06-05 22:00:00,3847.85,3853.0,3842.28,3850.76,5472.9786,3819.4805,3869.129621432167,3769.8313785678333,0,1002.6316610178566,0.0,1002.6316610178566
2024-06-05 23:00:00,3850.76,3869.5,3848.4,3865.99,9069.0771,3822.2575000000006,3875.647621511244,3768.8673784887574,0,1002.6316610178566,0.0,1002.6316610178566
2024-06-06 00:00:00,3866.0,3867.5,3857.43,3859.14,4463.3528,3824.7245000000003,3880.1066868382895,3769.342313161711,0,1002.6316610178566,0.0,1002.6316610178566
2024-06-06 01:00:00,3859.14,3869.85,3853.2,3861.15,6615.1393,3828.344,3883.3117892587966,3773.3762107412035,0,1002.6316610178566,0.0,1002.6316610178566
2024-06-06 02:00:00,3861.16,3878.6,3859.55,3868.53,9694.239,3831.0375,3888.29106438683,3773.78393561317,0,1002.6316610178566,0.0,1002.6316610178566
2024-06-06 03:00:00,3868.52,3873.03,3860.69,3861.69,5404.5283,3833.643,3891.493206602835,3775.792793397165,0,1002.6316610178566,0.0,1002.6316610178566
2024-06-06 04:00:00,3861.7,3865.5,3854.75,3862.51,7364.2943,3836.6295,3893.962958460139,3779.296041539861,0,1002.6316610178566,0.0,1002.6316610178566
2024-06-06 05:00:00,3862.5,3865.0,3839.69,3847.0,11837.2341,3839.1055,3893.672669057889,3784.5383309421113,0,1002.6316610178566,0.0,1002.6316610178566
2024-06-06 06:00:00,3846.99,3854.5,3838.53,3846.24,9519.2276,3841.6490000000003,3892.436004203645,3790.8619957963556,0,1002.6316610178566,0.0,1002.6316610178566
2024-06-06 07:00:00,3846.25,3856.01,3841.45,3852.1,9816.6382,3844.038500000001,3891.9914503885657,3796.0855496114364,0,1002.6316610178566,0.0,1002.6316610178566
2024-06-06 08:00:00,3852.1,3853.0,3842.84,3846.17,5438.8151,3845.3350000000005,3892.029718544923,3798.640281455078,0,1002.6316610178566,0.0,1002.6316610178566
2024-06-06 09:00:00,3846.17,3854.01,3845.24,3850.59,5501.5011,3847.8865000000005,3889.6095033793113,3806.16349662069,0,1002.6316610178566,0.0,1002.6316610178566
2024-06-06 10:00:00,3850.6,3852.2,3846.11,3850.51,4059.9841,3850.6665000000003,3884.577708338808,3816.7552916611926,0,1002.6316610178566,0.0,1002.6316610178566
2024-06-06 11:00:00,3850.5,3856.5,3844.99,3849.51,9694.7889,3852.4629999999997,3881.827029083406,3823.0989709165933,0,1002.6316610178566,0.0,1002.6316610178566
2024-06-06 12:00:00,3849.51,3866.48,3841.0,3845.79,12027.1262,3854.6444999999994,3873.246592866734,3836.042407133265,0,1002.6316610178566,0.0,1002.6316610178566
2024-06-06 13:00:00,3845.79,3852.0,3820.0,3835.08,16090.012,3854.352,3873.9640387519303,3834.7399612480694,0,1002.6316610178566,0.0,1002.6316610178566
2024-06-06 14:00:00,3835.07,3846.77,3827.29,3844.39,8567.1812,3854.2715,3874.0326551030976,3834.510344896902,0,1002.6316610178566,0.0,1002.6316610178566
2024-06-06 15:00:00,3844.39,3847.29,3838.49,3845.01,9697.373,3852.6949999999997,3869.973301421836,3835.4166985781635,0,1002.6316610178566,0.0,1002.6316610178566
2024-06-06 16:00:00,3845.0,3855.6,3822.76,3830.63,23171.2578,3851.032,3869.9999905104637,3832.0640094895366,1,902.6316610178566,0.026105366480187332,1002.6316610178566
2024-06-06 17:00:00,3830.63,3836.86,3817.27,3833.25,8667.8377,3850.3019999999997,3870.768263557975,3829.8357364420244,0,902.6316610178566,0.026105366480187332,1002.7000570780347
2024-06-06 18:00:00,3833.26,3840.91,3826.96,3833.07,11688.7289,3849.4175000000005,3871.2139445493785,3827.6210554506224,0,902.6316610178566,0.026105366480187332,1002.6953581120682
2024-06-06 19:00:00,3833.07,3833.08,3787.15,3791.01,19326.379,3845.6684999999998,3878.0138652168625,3813.323134783137,1,802.6316610178566,0.05248356120929646,1001.5973663979116
2024-06-06 20:00:00,3791.01,3802.35,3760.0,3800.36,23855.1931,3842.7295,3879.9578163600195,3805.5011836399804,1,802.6316610178566,0.05248356120929646,1002.0880876952185
2024-06-06 21:00:00,3800.37,3804.3,3793.92,3801.41,4571.9485,3839.7425000000003,3880.0395980964017,3799.445401903599,0,802.6316610178566,0.05248356120929646,1002.1431954344882
2024-06-06 22:00:00,3801.4,3813.85,3799.4,3811.93,5532.9473,3836.9125,3876.6715683367493,3797.1534316632506,0,802.6316610178566,0.05248356120929646,1002.69532249841
2024-06-06 23:00:00,3811.94,3815.45,3808.0,3813.46,4898.463,3834.501,3873.8041962567145,3795.197803743286,0,802.6316610178566,0.05248356120929646,1002.7756223470602
2024-06-07 00:00:00,3813.47,3813.47,3806.0,3808.32,4653.1814,3831.7915000000007,3870.464020101157,3793.1189798988444,0,802.6316610178566,0.05248356120929646,1002.5058568424445
2024-06-07 01:00:00,3808.32,3810.63,3799.17,3805.98,5626.5941,3829.740500000001,3869.3097357643596,3790.171264235642,0,802.6316610178566,0.05248356120929646,1002.3830453092147
2024-06-07 02:00:00,3805.99,3807.75,3792.34,3800.7,4743.8137,3827.4635000000003,3868.196888405479,3786.7301115945215,0,802.6316610178566,0.05248356120929646,1002.1059321060296
2024-06-07 03:00:00,3800.7,3807.92,3793.21,3806.3,4280.3422,3825.1735,3865.2536678015153,3785.0933321984844,0,802.6316610178566,0.05248356120929646,1002.3998400488017
2024-06-07 04:00:00,3806.3,3819.0,3806.0,3815.71,4662.172,3823.6505000000006,3862.7258464343013,3784.5751535657,0,802.6316610178566,0.05248356120929646,1002.8937103597812
2024-06-07 05:00:00,3815.7,3825.75,3814.23,3818.27,5295.8937,3822.0345000000007,3859.143521800218,3784.9254781997834,0,802.6316610178566,0.05248356120929646,1003.0280682764769
2024-06-07 06:00:00,3818.27,3821.11,3812.8,3817.01,4700.7513,3820.359500000001,3855.1263707098296,3785.592629290172,0,802.6316610178566,0.05248356120929646,1002.9619389893533
2024-06-07 07:00:00,3817.0,3824.41,3814.85,3816.31,4789.4921,3818.699500000001,3850.8093467599606,3786.5896532400416,0,802.6316610178566,0.05248356120929646,1002.9252004965067
2024-06-07 08:00:00,3816.31,3817.1,3808.36,3811.15,5402.1406,3816.967500000001,3846.6939682554,3787.2410317446024,0,802.6316610178566,0.05248356120929646,1002.6543853206667
2024-06-07 09:00:00,3811.16,3813.5,3807.33,3811.95,4378.5859,3815.8110000000006,3844.4070744851006,3787.2149255149006,0,802.6316610178566,0.05248356120929646,1002.6963721696342
2024-06-07 10:00:00,3811.96,3813.79,3801.11,3810.8,4858.7282,3814.131500000001,3839.5897554577145,3788.673244542287,0,802.6316610178566,0.05248356120929646,1002.6360160742436
2024-06-07 11:00:00,3810.8,3839.98,3808.07,3835.0,10360.3093,3813.631000000001,3836.944585651594,3790.3174143484084,0,802.6316610178566,0.05248356120929646,1003.9061182555085
2024-06-07 12:00:00,3834.99,3841.39,3771.39,3807.68,45906.4522,3812.4835000000007,3834.5639422725603,3790.403057727441,0,802.6316610178566,0.05248356120929646,1002.4722673632705
2024-06-07 13:00:00,3807.69,3820.31,3794.04,3815.0,11879.1462,3811.571000000001,3831.551799682316,3791.5902003176857,0,802.6316610178566,0.05248356120929646,1002.8564470313225
2024-06-07 14:00:00,3815.0,3829.57,3809.07,3822.3,8806.5269,3811.0325000000003,3829.161297946098,3792.9037020539026,0,802.6316610178566,0.05248356120929646,1003.2395770281505
2024-06-07 15:00:00,3822.3,3822.49,3790.81,3800.73,10523.422,3811.5185000000006,3827.9123016015624,3795.124698398439,0,802.6316610178566,0.05248356120929646,1002.1075066128659
2024-06-07 16:00:00,3800.73,3807.67,3779.24,3783.99,10815.924,3810.7000000000007,3830.5176234687538,3790.8823765312477,1,702.6316610178566,0.07891069235922021,1001.2289317982222
2024-06-07 17:00:00,3784.0,3784.66,3723.8,3724.05,23657.6581,3806.832000000001,3849.4615224456948,3764.202477554307,1,702.6316610178566,0.07891069235922021,996.4990248982106
2024-06-07 18:00:00,3724.06,3729.99,3600.0,3679.71,123558.5253,3800.2210000000014,3870.001065605673,3730.44093439433,1,702.6316610178566,0.07891069235922021,993.0001247990028
2024-06-07 19:00:00,3679.72,3704.71,3657.42,3687.37,21132.0224,3793.9165000000007,3878.9005343297213,3708.93246567028,1,702.6316610178566,0.07891069235922021,993.6045807024743
2024-06-07 20:00:00,3687.37,3694.25,3670.43,3691.4,20080.1452,3788.0705000000003,3883.7053138439223,3692.435686156078,1,702.6316610178566,0.07891069235922021,993.9225907926821
2024-06-07 21:00:00,3691.4,3698.46,3685.24,3693.51,8037.8503,3782.447,3886.0988702386408,3678.7951297613595,0,702.6316610178566,0.07891069235922021,994.0890923535601
2024-06-07 22:00:00,3693.5,3700.0,3686.01,3695.06,7482.4809,3777.165,3887.132155369099,3667.197844630901,0,702.6316610178566,0.07891069235922021,994.2114039267168
2024-06-07 23:00:00,3695.07,3695.28,3678.31,3678.32,6591.2014,3770.7660000000005,3887.869730153887,3653.662269846114,0,702.6316610178566,0.07891069235922021,992.8904389366235
2024-06-08 00:00:00,3678.31,3690.23,3673.82,3686.02,6642.1674,3764.2815,3885.018706075738,3643.544293924262,0,702.6316610178566,0.07891069235922021,993.4980512677894
2024-06-08 01:00:00,3686.02,3692.3,3678.56,3690.94,7074.7517,3757.915,3880.0140873838664,3635.8159126161336,0,702.6316610178566,0.07891069235922021,993.8862918741968
2024-06-08 02:00:00,3690.95,3690.95,3685.84,3687.96,4274.7628,3751.4625000000005,3874.026543320038,3628.898456679963,0,702.6316610178566,0.07891069235922021,993.6511380109664
2024-06-08 03:00:00,3687.97,3690.45,3685.5,3690.0,4196.6524,3745.147000000001,3866.7072347971953,3623.5867652028064,0,702.6316610178566,0.07891069235922021,993.8121158233791
2024-06-08 04:00:00,3690.0,3690.18,3680.02,3681.19,3846.5357,3738.6490000000013,3859.292338133274,3618.0056618667286,0,702.6316610178566,0.07891069235922021,993.1169126236944
2024-06-08 05:00:00,3681.19,3685.0,3677.22,3680.64,2976.7381,3732.0835000000015,3850.323904984613,3613.84309501539,0,702.6316610178566,0.07891069235922021,993.0735117428969
2024-06-08 06:00:00,3680.64,3687.77,3679.52,3684.99,2669.7338,3725.7930000000015,3839.928068598266,3611.657931401737,0,702.6316610178566,0.07891069235922021,993.4167732546595
2024-06-08 07:00:00,3684.99,3709.5,3684.99,3708.98,6785.6592,3719.492000000001,3822.15311778047,3616.830882219532,0,702.6316610178566,0.07891069235922021,995.3098407643572
2024-06-08 08:00:00,3708.98,3709.39,3693.04,3695.95,4463.1961,3713.9055000000017,3808.615001418394,3619.1959985816093,0,702.6316610178566,0.07891069235922021,994.2816344429166
2024-06-08 09:00:00,3695.94,3698.89,3691.0,3693.18,5013.1147,3707.8145000000013,3790.6600081396646,3624.968991860338,0,702.6316610178566,0.07891069235922021,994.0630518250814
2024-06-08 10:00:00,3693.18,3697.37,3680.0,3694.67,21617.1423,3701.433000000001,3765.5707711175774,3637.2952288824245,0,702.6316610178566,0.07891069235922021,994.1806287566967
2024-06-08 11:00:00,3694.66,3697.0,3678.53,3683.13,7159.9982,3695.5530000000012,3741.0543978237934,3650.051602176209,0,702.6316610178566,0.07891069235922021,993.2699993668714
2024-06-08 12:00:00,3683.13,3688.49,3677.0,3682.58,5761.5548,3690.482500000001,3711.38648227434,3669.578517725662,0,702.6316610178566,0.07891069235922021,993.2265984860737
2024-06-08 13:00:00,3682.58,3687.27,3660.08,3687.26,11843.4501,3688.643000000001,3702.790894681706,3674.495105318296,0,702.6316610178566,0.07891069235922021,993.5959005263148
2024-06-08 14:00:00,3687.27,3696.48,3682.0,3696.01,5896.177,3689.458,3703.3288638502777,3675.5871361497225,0,702.6316610178566,0.07891069235922021,994.2863690844581
2024-06-08 15:00:00,3696.02,3697.47,3687.4,3688.13,7413.1679,3689.4960000000005,3703.347926072939,3675.644073927062,0,702.6316610178566,0.07891069235922021,993.6645528286674
2024-06-08 16:00:00,3688.13,3692.25,3678.83,3683.01,5997.4539,3689.0765000000006,3703.178291763292,3674.9747082367094,0,702.6316610178566,0.07891069235922021,993.2605300837882
2024-06-08 17:00:00,3683.01,3687.89,3672.18,3687.49,5261.7199,3688.775500000001,3702.7422583540274,3674.808741645975,0,702.6316610178566,0.07891069235922021,993.6140499855576
2024-06-08 18:00:00,3687.5,3694.5,3686.99,3689.02,4872.7214,3688.4735000000014,3702.141656089983,3674.80534391002,0,702.6316610178566,0.07891069235922021,993.7347833448671
2024-06-08 19:00:00,3689.01,3693.52,3681.31,3682.61,3785.3427,3688.688000000001,3701.8368350784326,3675.5391649215694,0,702.6316610178566,0.07891069235922021,993.2289658068446
2024-06-08 20:00:00,3682.6,3684.46,3670.53,3674.09,4507.3249,3688.091500000001,3702.674548066915,3673.5084519330867,0,702.6316610178566,0.07891069235922021,992.556646707944
2024-06-08 21:00:00,3674.08,3680.0,3670.91,3676.26,2684.0182,3687.3575000000005,3702.7485478829126,3671.9664521170885,0,702.6316610178566,0.07891069235922021,992.7278829103635
2024-06-08 22:00:00,3676.26,3679.67,3670.37,3676.69,2955.5053,3686.7940000000003,3702.8657371787567,3670.722262821244,0,702.6316610178566,0.07891069235922021,992.7618145080779
2024-06-08 23:00:00,3676.7,3684.22,3671.9,3681.57,2851.9509,3686.3725000000004,3702.5277602870165,3670.2172397129843,0,702.6316610178566,0.07891069235922021,993.146898686791
2024-06-09 00:00:00,3681.58,3684.19,3678.34,3681.28,3019.181,3686.3770000000004,3702.5265326233266,3670.227467376674,0,702.6316610178566,0.07891069235922021,993.1240145860068
2024-06-09 01:00:00,3681.28,3684.66,3679.5,3682.25,2589.2866,3686.4575000000004,3702.5075864469,3670.407413553101,0,702.6316610178566,0.07891069235922021,993.2005579575953
2024-06-09 02:00:00,3682.25,3682.25,3666.36,3668.26,8367.6417,3685.621,3703.526458272828,3667.715541727172,0,702.6316610178566,0.07891069235922021,992.0965973714897
2024-06-09 03:00:00,3668.27,3674.92,3668.26,3674.22,4067.7891,3683.8830000000003,3698.896022478842,3668.8699775211585,0,702.6316610178566,0.07891069235922021,992.5669050979507
2024-06-09 04:00:00,3674.21,3677.89,3669.21,3676.0,3784.0563,3682.8855000000003,3697.1934229429853,3668.5775770570153,0,702.6316610178566,0.07891069235922021,992.70736613035
2024-06-09 05:00:00,3676.0,3684.45,3670.99,3680.61,4105.1721,3682.2570000000005,3695.7838933584467,3668.7301066415544,0,702.6316610178566,0.07891069235922021,993.071144422126
2024-06-09 06:00:00,3680.62,3689.21,3680.61,3686.68,3652.4576,3681.8575000000005,3694.3248379251468,3669.3901620748543,0,702.6316610178566,0.07891069235922021,993.5501323247465
2024-06-09 07:00:00,3686.69,3692.0,3684.76,3685.99,4838.6224,3682.0005000000006,3694.587969123786,3669.413030876215,0,702.6316610178566,0.07891069235922021,993.4956839470187
2024-06-09 08:00:00,3685.98,3688.95,3683.02,3687.15,2575.0865,3682.2290000000003,3695.014610503552,3669.4433894964486,0,702.6316610178566,0.07891069235922021,993.5872203501553
2024-06-09 09:00:00,3687.15,3691.5,3687.0,3690.04,2591.0917,3682.368,3695.4268936727062,3669.3091063272936,0,702.6316610178566,0.07891069235922021,993.8152722510736
2024-06-09 10:00:00,3690.03,3692.68,3686.21,3687.44,2334.4875,3681.9395000000004,3693.6751064578225,3670.2038935421783,0,702.6316610178566,0.07891069235922021,993.6101044509396
2024-06-09 11:00:00,3687.44,3693.87,3685.99,3693.5,3686.9062,3682.208,3694.7180225396914,3669.6979774603087,0,702.6316610178566,0.07891069235922021,994.0883032466364
2024-06-09 12:00:00,3693.49,3712.5,3690.0,3704.67,8568.5902,3683.291,3699.1840411168814,3667.397958883119,-1,994.969735680289,0.0,994.969735680289
2024-06-09 13:00:00,3704.68,3708.51,3680.99,3687.7,10141.5815,3683.3015,3699.2058972204754,3667.3971027795246,0,994.969735680289,0.0,994.969735680289
2024-06-09 14:00:00,3687.71,3694.9,3683.16,3692.24,4277.6366,3683.4625,3699.6577238310483,3667.267276168952,0,994.969735680289,0.0,994.969735680289
2024-06-09 15:00:00,3692.24,3695.2,3683.43,3690.59,6162.0406,3683.8615,3700.3437137758256,3667.3792862241744,0,994.969735680289,0.0,994.969735680289
2024-06-09 16:00:00,3690.6,3701.25,3689.43,3698.26,3543.8145,3685.0699999999997,3702.0461126281334,3668.093887371866,0,994.969735680289,0.0,994.969735680289
2024-06-09 17:00:00,3698.25,3702.11,3693.51,3700.0,3812.3119,3686.257,3703.9094866224546,3668.6045133775456,0,994.969735680289,0.0,994.969735680289
2024-06-09 18:00:00,3699.99,3709.18,3698.5,3704.88,4148.4832,3687.6665000000003,3706.5005449968626,3668.832455003138,0,994.969735680289,0.0,994.969735680289
2024-06-09 19:00:00,3704.87,3709.43,3698.2,3701.09,2606.8296,3688.6424999999995,3708.123658973853,3669.161341026146,0,994.969735680289,0.0,994.969735680289
2024-06-09 20:00:00,3701.09,3704.6,3695.06,3700.31,2984.5432,3689.5939999999996,3709.4000338271844,3669.787966172815,0,994.969735680289,0.0,994.969735680289
2024-06-09 21:00:00,3700.31,3721.52,3693.72,3714.72,6487.6634,3691.2174999999997,3713.515757217857,3668.9192427821426,-1,994.969735680289,0.0,994.969735680289
2024-06-09 22:00:00,3714.71,3718.0,3706.46,3707.74,3303.5764,3693.1915,3713.947578891593,3672.435421108407,0,994.969735680289,0.0,994.969735680289
2024-06-09 23:00:00,3707.74,3709.06,3703.11,3706.4,1802.2522,3694.8005,3714.3803013000706,3675.220698699929,0,994.969735680289,0.0,994.969735680289
2024-06-10 00:00:00,3706.4,3706.94,3686.5,3693.53,6551.0636,3695.6769999999997,3713.281734702981,3678.0722652970185,0,994.969735680289,0.0,994.969735680289
2024-06-10 01:00:00,3693.53,3696.48,3685.54,3692.0,3775.21,3696.2464999999997,3712.5538765808733,3679.939123419126,0,994.969735680289,0.0,994.969735680289
2024-06-10 02:00:00,3691.99,3697.8,3690.38,3691.31,3504.3962,3696.478,3712.361525551159,3680.594474448841,0,994.969735680289,0.0,994.969735680289
2024-06-10 03:00:00,3691.32,3692.81,3680.97,3684.14,3411.4237,3696.3854999999994,3712.531638205854,3680.2393617941448,0,994.969735680289,0.0,994.969735680289
2024-06-10 04:00:00,3684.14,3692.41,3680.01,3691.09,4418.0267,3696.5824999999995,3712.365152342685,3680.799847657314,0,994.969735680289,0.0,994.969735680289
2024-06-10 05:00:00,3691.09,3691.09,3682.23,3684.19,3478.9714,3696.29,3712.749156720373,3679.830843279627,0,994.969735680289,0.0,994.969735680289
2024-06-10 06:00:00,3684.19,3684.2,3670.02,3671.89,6157.1992,3695.5125,3714.797035642586,3676.227964357414,1,894.969735680289,0.027233931299684905,994.969735680289
2024-06-10 07:00:00,3671.89,3676.5,3642.74,3647.79,15230.8993,3693.227,3721.6114436963758,3664.842556303624,1,894.969735680289,0.027233931299684905,994.3133979359666
2024-06-10 08:00:00,3647.8,3673.73,3646.94,3671.02,7686.5013,3691.5445,3720.9858848001018,3662.103115199898,0,894.969735680289,0.027233931299684905,994.9460421600583
2024-06-10 09:00:00,3671.02,3674.37,3658.16,3673.14,6560.5851,3690.8165,3721.303616802908,3660.329383197092,0,894.969735680289,0.027233931299684905,995.0037780944136
2024-06-10 10:00:00,3673.15,3681.01,3670.3,3677.9,6171.627,3690.0994999999994,3721.0893347685196,3659.109665231479,0,894.969735680289,0.027233931299684905,995.1334116074001
2024-06-10 11:00:00,3677.9,3681.0,3671.17,3675.95,4080.4021,3689.3674999999994,3720.962121614701,3657.7728783852976,0,894.969735680289,0.027233931299684905,995.0803054413657
2024-06-10 12:00:00,3675.95,3682.4,3669.0,3675.55,5550.0454,3688.232,3720.0978441589864,3656.3661558410136,0,894.969735680289,0.027233931299684905,995.0694118688458
2024-06-10 13:00:00,3675.55,3680.0,3665.42,3673.2,6380.0093,3686.892,3718.919248773016,3654.8647512269836,0,894.969735680289,0.027233931299684905,995.0054121302916
2024-06-10 14:00:00,3673.21,3680.76,3662.96,3680.7,5610.2419,3685.6829999999995,3716.712864388447,3654.653135611552,0,894.969735680289,0.027233931299684905,995.2096666150392
2024-06-10 15:00:00,3680.71,3713.67,3677.34,3702.54,19248.3596,3685.7554999999993,3716.9354297460745,3654.575570253924,0,894.969735680289,0.027233931299684905,995.8044556746244
2024-06-10 16:00:00,3702.53,3705.68,3683.98,3698.5,7213.987,3685.6649999999995,3716.685525784744,3654.644474215255,0,894.969735680289,0.027233931299684905,995.6944305921736
2024-06-10 17:00:00,3698.5,3699.22,3687.07,3696.59,3030.6345,3684.758499999999,3713.2895106896763,3656.2274893103217,0,894.969735680289,0.027233931299684905,995.6424137833912
2024-06-10 18:00:00,3696.58,3701.0,3677.22,3688.25,5519.9243,3683.7839999999987,3710.374002181072,3657.1939978189257,0,894.969735680289,0.027233931299684905,995.4152827963518
2024-06-10 19:00:00,3688.24,3689.0,3659.81,3668.33,11331.3945,3681.8804999999993,3707.1392311431905,3656.621768856808,0,894.969735680289,0.027233931299684905,994.8727828848621
2024-06-10 20:00:00,3668.33,3674.78,3650.64,3672.05,9696.0755,3680.8064999999997,3705.818000773626,3655.7949992263734,0,894.969735680289,0.027233931299684905,994.974093109297
2024-06-10 21:00:00,3672.05,3677.0,3665.72,3673.59,3273.613,3679.8859999999995,3704.53437876931,3655.237621230689,0,894.969735680289,0.027233931299684905,995.0160333634984
2024-06-10 22:00:00,3673.59,3674.63,3666.54,3674.63,3349.2324,3679.0519999999997,3703.2218966475843,3654.882103352415,0,894.969735680289,0.027233931299684905,995.0443566520502
2024-06-10 23:00:00,3674.63,3677.07,3660.0,3667.85,5133.3616,3678.2375,3702.761970941115,3653.7130290588852,0,894.969735680289,0.027233931299684905,994.8597105978382
2024-06-11 00:00:00,3667.85,3673.0,3658.83,3662.79,5116.5913,3676.8224999999998,3701.4827610477532,3652.1622389522463,0,894.969735680289,0.027233931299684905,994.7219069054619
2024-06-11 01:00:00,3662.79,3670.35,3605.5,3626.98,20534.6925,3673.9619999999995,3706.541097347248,3641.382902652751,1,794.969735680289,0.05480507864541055,993.7466598256201
2024-06-11 02:00:00,3626.98,3643.67,3567.0,3602.6,47610.6269,3670.4975,3715.564504725637,3625.430495274363,1,794.969735680289,0.05480507864541055,992.4105120082451
2024-06-11 03:00:00,3602.6,3612.87,3590.21,3595.6,13470.3581,3667.8880000000004,3722.86615878994,3612.9098412100607,1,794.969735680289,0.05480507864541055,992.0268764577272
2024-06-11 04:00:00,3595.6,3595.61,3533.46,3565.6,40332.6902,3662.6170000000006,3733.342308651979,3591.8916913480225,1,794.969735680289,0.05480507864541055,990.3827240983649
2024-06-11 05:00:00,3565.6,3567.0,3542.4,3561.59,9931.0253,3657.0395000000003,3740.0863512282067,3573.992648771794,1,794.969735680289,0.05480507864541055,990.1629557329968
2024-06-11 06:00:00,3561.59,3570.01,3505.0,3540.79,19715.0259,3650.184,3746.747684353502,3553.6203156464985,1,794.969735680289,0.05480507864541055,989.0230100971722
2024-06-11 07:00:00,3540.79,3548.48,3523.46,3534.6,13234.6133,3643.116500000001,3751.116045234713,3535.116954765289,1,794.969735680289,0.05480507864541055,988.6837666603572
2024-06-11 08:00:00,3534.6,3543.62,3503.4,3534.4,19229.7056,3636.059,3752.755776459041,3519.3622235409593,0,794.969735680289,0.05480507864541055,988.672805644628
2024-06-11 09:00:00,3534.4,3541.13,3505.0,3514.8,16200.8016,3628.1390000000006,3754.7568908208223,3501.521109179179,0,794.969735680289,0.05480507864541055,987.598626103178
2024-06-11 10:00:00,3514.8,3549.36,3506.03,3529.4,24251.3146,3620.5740000000005,3751.724751640672,3489.423248359329,0,794.969735680289,0.05480507864541055,988.3987802514009
2024-06-11 11:00:00,3529.4,3541.69,3522.0,3529.56,11823.4874,3611.9250000000006,3743.128366800965,3480.721633199036,0,794.969735680289,0.05480507864541055,988.4075490639842
2024-06-11 12:00:00,3529.56,3546.47,3524.22,3534.01,11303.1233,3603.7005000000004,3732.7696953136733,3474.6313046863274,0,794.969735680289,0.05480507864541055,988.6514316639564
2024-06-11 13:00:00,3534.0,3545.82,3508.91,3521.24,15660.5149,3594.933000000001,3721.3673146614374,3468.4986853385644,0,794.969735680289,0.05480507864541055,987.9515708096544
2024-06-11 14:00:00,3521.23,3536.38,3512.12,3513.5,13276.3418,3586.1955000000007,3709.7467626358407,3462.6442373641607,0,794.969735680289,0.05480507864541055,987.527379500939
2024-06-11 15:00:00,3513.5,3530.0,3432.01,3447.75,61935.2039,3575.1665000000007,3706.5536196537423,3443.779380346259,0,794.969735680289,0.05480507864541055,983.9239455800032
2024-06-11 16:00:00,3447.75,3482.07,3443.66,3452.71,28530.9546,3564.199500000001,3698.002755636383,3430.396244363619,0,794.969735680289,0.05480507864541055,984.1957787700844
2024-06-11 17:00:00,3452.71,3479.98,3432.0,3471.99,17381.1105,3554.1195000000016,3683.75031307652,3424.4886869234833,0,794.969735680289,0.05480507864541055,985.2524206863679
2024-06-11 18:00:00,3471.98,3496.62,3465.71,3489.79,12755.9663,3544.877500000001,3664.817444284205,3424.937555715797,0,794.969735680289,0.05480507864541055,986.2279510862563
2024-06-11 19:00:00,3489.79,3502.44,3477.99,3497.21,13866.3181,3536.345500000001,3643.6972633711703,3428.9937366288314,0,794.969735680289,0.05480507864541055,986.6346047698053
2024-06-11 20:00:00,3497.21,3498.14,3483.7,3487.7,6784.7618,3527.5910000000013,3619.751027321414,3435.4309726785887,0,794.969735680289,0.05480507864541055,986.1134084718874
2024-06-11 21:00:00,3487.7,3503.03,3485.8,3501.86,4218.6423,3521.3350000000014,3601.918513821904,3440.7514861780987,0,794.969735680289,0.05480507864541055,986.8894483855064
2024-06-11 22:00:00,3501.86,3509.0,3497.18,3500.6,6583.617,3516.2350000000015,3588.0322889451922,3444.4377110548107,0,794.969735680289,0.05480507864541055,986.8203939864131
2024-06-11 23:00:00,3500.61,3509.65,3492.99,3497.33,5821.1106,3511.321500000001,3573.5308235045677,3449.112176495434,0,794.969735680289,0.05480507864541055,986.6411813792427
2024-06-12 00:00:00,3497.33,3505.59,3489.26,3492.99,5904.547,3507.691000000001,3565.095315829725,3450.286684170277,0,794.969735680289,0.05480507864541055,986.4033273379216
2024-06-12 01:00:00,3492.99,3495.77,3462.07,3482.67,10370.7214,3503.7450000000013,3556.443780440212,3451.0462195597906,0,794.969735680289,0.05480507864541055,985.837738926301
2024-06-12 02:00:00,3482.66,3507.33,3476.38,3498.61,11712.2962,3501.6360000000013,3551.5376750809737,3451.734324919029,0,794.969735680289,0.05480507864541055,986.7113318799088
2024-06-12 03:00:00,3498.6,3513.78,3495.27,3509.99,8121.5746,3500.4055000000017,3548.162734623302,3452.648265376701,0,794.969735680289,0.05480507864541055,987.3350136748936
2024-06-12 04:00:00,3509.99,3532.39,3509.06,3521.48,10218.7638,3499.7595000000015,3545.9848815438213,3453.5341184561817,0,794.969735680289,0.05480507864541055,987.9647240285293
2024-06-12 05:00:00,3521.48,3521.99,3507.02,3508.56,7408.079,3499.447500000001,3545.3456803003787,3453.5493196996235,0,794.969735680289,0.05480507864541055,987.2566424124307
2024-06-12 06:00:00,3508.56,3521.5,3507.7,3516.0,5451.3397,3498.7775000000015,3543.2770949967357,3454.2779050032673,0,794.969735680289,0.05480507864541055,987.6643921975525
2024-06-12 07:00:00,3515.99,3527.67,3514.44,3526.71,5960.007,3498.635000000002,3542.7560287715087,3454.5139712284954,0,794.969735680289,0.05480507864541055,988.2513545898448
2024-06-12 08:00:00,3526.7,3531.71,3519.81,3520.2,6557.5425,3497.9445000000023,3540.223214962165,3455.6657850378397,0,794.969735680289,0.05480507864541055,987.8945735278633
2024-06-12 09:00:00,3520.2,3542.6,3516.95,3538.86,9129.5565,3498.8255000000017,3543.665935533868,3453.9850644661356,0,794.969735680289,0.05480507864541055,988.9172362953866
2024-06-12 10:00:00,3538.85,3563.56,3536.86,3544.15,14820.8389,3500.3580000000015,3549.0310346688507,3451.6849653311524,0,794.969735680289,0.05480507864541055,989.2071551614208
2024-06-12 11:00:00,3544.16,3549.43,3529.4,3531.72,7725.6011,3504.5565000000015,3548.6217853260437,3460.4912146739593,0,794.969735680289,0.05480507864541055,988.5259280338583
2024-06-12 12:00:00,3531.73,3642.26,3531.4,3638.4,76240.3552,3513.8410000000013,3581.9742972626545,3445.707702737348,-1,994.3725338237507,0.0,994.3725338237507
2024-06-12 13:00:00,3638.41,3659.01,3603.01,3615.07,41274.472,3520.9950000000013,3599.3313783939434,3442.658621606059,-1,994.3725338237507,0.0,994.3725338237507
2024-06-12 14:00:00,3615.06,3642.05,3614.74,3635.27,17653.8843,3528.2690000000016,3619.603268464111,3436.9347315358923,-1,994.3725338237507,0.0,994.3725338237507
2024-06-12 15:00:00,3635.26,3646.7,3610.76,3618.32,18554.022,3534.3245000000015,3632.4273873116144,3436.2216126883886,0,994.3725338237507,0.0,994.3725338237507
2024-06-12 16:00:00,3618.32,3623.2,3588.0,3616.41,13290.1244,3540.760000000002,3642.5998297320752,3438.920170267929,0,994.3725338237507,0.0,994.3725338237507
2024-06-12 17:00:00,3616.41,3625.7,3607.0,3623.2,7334.264,3546.827000000002,3653.037854830682,3440.616145169322,0,994.3725338237507,0.0,994.3725338237507
2024-06-12 18:00:00,3623.2,3623.98,3553.33,3567.15,52171.7793,3550.1545000000015,3654.5176851702236,3445.7913148297794,0,994.3725338237507,0.0,994.3725338237507
2024-06-12 19:00:00,3567.15,3594.97,3513.32,3529.01,32117.5101,3551.738500000001,3653.782464108096,3449.6945358919056,0,994.3725338237507,0.0,994.3725338237507
2024-06-12 20:00:00,3529.01,3562.38,3521.88,3556.05,11477.9055,3554.8915000000006,3653.3122576220685,3456.4707423779328,0,994.3725338237507,0.0,994.3725338237507
2024-06-12 21:00:00,3556.05,3574.39,3556.05,3566.01,5474.7854,3559.0585000000005,3651.787811282372,3466.329188717629,0,994.3725338237507,0.0,994.3725338237507
2024-06-12 22:00:00,3566.01,3572.51,3561.36,3571.5,4223.605,3562.7030000000004,3651.279236112768,3474.1267638872328,0,994.3725338237507,0.0,994.3725338237507
2024-06-12 23:00:00,3571.49,3571.5,3558.96,3560.12,3850.1991,3565.2095,3650.4516359359304,3479.9673640640694,0,994.3725338237507,0.0,994.3725338237507
2024-06-13 00:00:00,3560.13,3561.65,3545.1,3558.56,6400.1114,3567.0635,3650.0024040855687,3484.1245959144317,0,994.3725338237507,0.0,994.3725338237507
2024-06-13 01:00:00,3558.57,3559.82,3537.0,3539.23,5599.3058,3568.597,3648.2202639616894,3488.973736038311,0,994.3725338237507,0.0,994.3725338237507
2024-06-13 02:00:00,3539.24,3544.57,3504.35,3512.36,18311.4638,3568.415,3648.5334299641877,3488.2965700358122,0,994.3725338237507,0.0,994.3725338237507
2024-06-13 03:00:00,3512.37,3516.0,3476.21,3503.0,34018.323,3567.2295,3650.4238761255415,3484.0351238744583,0,994.3725338237507,0.0,994.3725338237507
2024-06-13 04:00:00,3502.99,3517.32,3495.0,3495.19,7699.1162,3565.9790000000003,3652.6429045734358,3479.3150954265648,0,994.3725338237507,0.0,994.3725338237507
2024-06-13 05:00:00,3495.19,3515.54,3495.19,3510.3,6207.826,3564.5510000000004,3653.8561946748423,3475.2458053251585,0,994.3725338237507,0.0,994.3725338237507
2024-06-13 06:00:00,3510.3,3511.48,3484.04,3492.76,8872.1454,3561.9815000000003,3656.303066202644,3467.6599337973566,0,994.3725338237507,0.0,994.3725338237507
2024-06-13 07:00:00,3492.75,3507.73,3485.07,3507.53,7858.7866,3560.772,3657.2113476954614,3464.3326523045384,0,994.3725338237507,0.0,994.3725338237507
2024-06-13 08:00:00,3507.53,3511.72,3502.54,3503.69,6669.3815,3554.0365000000006,3646.586646466171,3461.4863535338304,0,994.3725338237507,0.0,994.3725338237507
2024-06-13 09:00:00,3503.69,3503.69,3472.6,3490.51,11005.9194,3547.8085,3639.854593295292,3455.762406704708,0,994.3725338237507,0.0,994.3725338237507
2024-06-13 10:00:00,3490.51,3511.86,3472.85,3502.98,10497.507,3541.1939999999995,3625.8668583191834,3456.5211416808156,0,994.3725338237507,0.0,994.3725338237507
2024-06-13 11:00:00,3502.98,3507.63,3493.41,3497.17,7873.9703,3535.136499999999,3614.0076496743272,3456.265350325671,0,994.3725338237507,0.0,994.3725338237507
2024-06-13 12:00:00,3497.17,3539.83,3478.65,3493.84,23532.4668,3529.007999999999,3600.3552355733323,3457.6607644266655,0,994.3725338237507,0.0,994.3725338237507
2024-06-13 13:00:00,3493.84,3522.42,3485.42,3500.04,15001.7454,3522.8499999999985,3580.5747485915977,3465.1252514083994,0,994.3725338237507,0.0,994.3725338237507
2024-06-13 14:00:00,3500.04,3527.28,3475.05,3507.8,26697.9534,3519.882499999999,3574.1938696656443,3465.5711303343533,0,994.3725338237507,0.0,994.3725338237507
2024-06-13 15:00:00,3507.81,3509.48,3433.0,3441.73,42211.8138,3515.518499999999,3579.3812222324727,3451.6557777675257,1,894.3725338237507,0.029055155401498663,994.3725338237507
2024-06-13 16:00:00,3441.73,3470.66,3428.0,3470.55,22857.2262,3511.243499999999,3575.127907259899,3447.359092740099,0,894.3725338237507,0.029055155401498663,995.2099034024219
2024-06-13 17:00:00,3470.55,3478.02,3451.19,3470.01,8273.301,3506.443499999999,3567.510871737718,3445.37612826228,0,894.3725338237507,0.029055155401498663,995.194213618505
2024-06-13 18:00:00,3470.01,3479.34,3462.0,3475.48,4497.936,3501.642499999999,3556.252970744628,3447.03202925537,0,894.3725338237507,0.029055155401498663,995.3531453185512
2024-06-13 19:00:00,3475.48,3491.55,3471.38,3481.43,5145.1051,3497.7079999999987,3545.855354900899,3449.5606450990986,0,894.3725338237507,0.029055155401498663,995.5260234931902
2024-06-13 20:00:00,3481.43,3491.55,3466.78,3478.27,4936.9135,3493.693499999999,3533.5517103329917,3453.8352896670062,0,894.3725338237507,0.029055155401498663,995.4342092021215
2024-06-13 21:00:00,3478.27,3485.93,3461.99,3485.93,6139.2907,3491.028499999999,3525.0521366507014,3457.0048633492966,0,894.3725338237507,0.029055155401498663,995.6567716924969
2024-06-13 22:00:00,3485.93,3485.93,3473.29,3481.79,4314.4344,3489.4999999999986,3522.27691260545,3456.7230873945473,0,894.3725338237507,0.029055155401498663,995.5364833491348
2024-06-13 23:00:00,3481.79,3481.79,3461.59,3469.4,5608.7872,3487.8199999999983,3521.0974458148235,3454.5425541851732,0,894.3725338237507,0.029055155401498663,995.1764899737102
2024-06-14 00:00:00,3469.4,3479.14,3461.4,3473.47,7072.3545,3486.733999999998,3520.393945572755,3453.074054427241,0,894.3725338237507,0.029055155401498663,995.2947444561943
2024-06-14 01:00:00,3473.47,3488.6,3457.37,3487.04,8548.142,3485.5709999999976,3517.454053742933,3453.6879462570623,0,894.3725338237507,0.029055155401498663,995.6890229149926
2024-06-14 02:00:00,3487.04,3509.64,3480.39,3505.61,10011.1434,3486.213499999998,3519.150619651968,3453.276380348028,0,894.3725338237507,0.029055155401498663,996.2285771507984
2024-06-14 03:00:00,3505.61,3510.53,3489.13,3490.91,8365.9114,3485.3824999999983,3516.936016364552,3453.8289836354447,0,894.3725338237507,0.029055155401498663,995.8014663663964
2024-06-14 04:00:00,3490.91,3500.0,3490.46,3496.8,6644.6749,3485.037999999998,3515.927943735214,3454.1480562647826,0,894.3725338237507,0.029055155401498663,995.9726012317112
2024-06-14 05:00:00,3496.8,3528.6,3496.29,3522.21,13762.5112,3486.6229999999987,3521.472715693996,3451.773284306001,-1,996.7108927304633,0.0,996.7108927304633
2024-06-14 06:00:00,3522.21,3532.61,3510.62,3518.21,9504.8271,3487.384499999999,3524.238544268319,3450.5304557316795,0,996.7108927304633,0.0,996.7108927304633
2024-06-14 07:00:00,3518.21,3526.01,3514.4,3516.61,10618.2885,3488.3564999999994,3527.165213080055,3449.547786919944,0,996.7108927304633,0.0,996.7108927304633
2024-06-14 08:00:00,3516.61,3530.25,3513.7,3522.51,8909.3014,3489.7899999999995,3531.325226975747,3448.2547730242522,0,996.7108927304633,0.0,996.7108927304633
2024-06-14 09:00:00,3522.51,3523.5,3512.7,3513.81,7424.0342,3490.4784999999997,3533.1125067426015,3447.844493257398,0,996.7108927304633,0.0,996.7108927304633
2024-06-14 10:00:00,3513.8,3517.96,3508.21,3512.59,6005.4079,3490.7179999999994,3533.7901012250372,3447.6458987749616,0,996.7108927304633,0.0,996.7108927304633
2024-06-14 11:00:00,3512.59,3522.0,3505.69,3515.8,6286.008,3494.4214999999995,3532.4504201916156,3456.3925798083833,0,996.7108927304633,0.0,996.7108927304633
2024-06-14 12:00:00,3515.8,3525.56,3508.48,3513.24,7958.2086,3496.5559999999996,3533.769329546448,3459.3426704535514,0,996.7108927304633,0.0,996.7108927304633
2024-06-14 13:00:00,3513.23,3520.51,3506.8,3507.63,6267.6797,3498.4370000000004,3533.852645185623,3463.021354814378,0,996.7108927304633,0.0,996.7108927304633
2024-06-14 14:00:00,3507.63,3510.39,3466.38,3488.99,21105.2649,3499.1125000000006,3533.242942641393,3464.9820573586085,0,996.7108927304633,0.0,996.7108927304633
2024-06-14 15:00:00,3489.0,3497.55,3460.17,3462.41,10909.6545,3498.161500000001,3535.150012417959,3461.1729875820433,0,996.7108927304633,0.0,996.7108927304633
2024-06-14 16:00:00,3462.41,3467.4,3390.0,3403.21,58809.7394,3494.4085000000014,3549.506894993696,3439.310105006307,1,896.7108927304633,0.029384022731479983,996.7108927304633
2024-06-14 17:00:00,3403.21,3412.37,3380.1,3389.62,16865.3976,3489.5930000000017,3561.1808895056643,3418.005110494339,1,896.7108927304633,0.029384022731479983,996.3115638615425
2024-06-14 18:00:00,3389.62,3394.4,3362.26,3387.6,17081.3675,3484.883500000002,3569.1713722644186,3400.595627735586,1,896.7108927304633,0.029384022731479983,996.2522081356249
2024-06-14 19:00:00,3387.6,3408.5,3374.28,3406.21,10754.5811,3481.724000000003,3572.578123824073,3390.869876175933,0,896.7108927304633,0.029384022731479983,996.7990447986577
2024-06-14 20:00:00,3406.21,3426.96,3404.19,3413.32,8534.9273,3478.716500000003,3574.3223958999506,3383.1106041000558,0,896.7108927304633,0.029384022731479983,997.0079652002786
2024-06-14 21:00:00,3413.32,3528.93,3411.0,3504.21,37288.0404,3479.5750000000035,3575.7709813080514,3383.3790186919555,0,896.7108927304633,0.029384022731479983,999.6786790263428
2024-06-14 22:00:00,3504.21,3505.0,3463.08,3485.02,17854.259,3478.545500000004,3574.0431057229507,3383.047894277057,0,896.7108927304633,0.029384022731479983,999.1147996301257
2024-06-14 23:00:00,3485.02,3490.14,3471.6,3481.8,5734.6969,3478.090000000004,3573.434139619669,3382.7458603803384,0,896.7108927304633,0.029384022731479983,999.0201830769304
2024-06-15 00:00:00,3481.8,3500.85,3478.46,3492.56,10546.327,3477.8780000000033,3573.073527961242,3382.682472038765,0,896.7108927304633,0.029384022731479983,999.336355161521
2024-06-15 01:00:00,3492.56,3503.03,3476.9,3477.78,5048.3205,3475.6565000000032,3568.6585697126116,3382.654430287395,0,896.7108927304633,0.029384022731479983,998.9020593055498
2024-06-15 02:00:00,3477.78,3489.01,3473.1,3485.0,3571.0606,3473.996000000003,3565.0655122191747,3382.926487780831,0,896.7108927304633,0.029384022731479983,999.1142119496711
2024-06-15 03:00:00,3485.0,3505.01,3485.0,3504.4,7998.6678,3473.3855000000026,3563.4624407720157,3383.3085592279895,0,896.7108927304633,0.029384022731479983,999.6842619906618
2024-06-15 04:00:00,3504.4,3516.0,3498.29,3509.0,16377.235,3472.7100000000028,3561.4966278210964,3383.923372178909,0,896.7108927304633,0.029384022731479983,999.8194284952266
2024-06-15 05:00:00,3509.0,3529.7,3508.0,3526.91,16609.2363,3473.365000000003,3563.5372528266407,3383.192747173365,0,896.7108927304633,0.029384022731479983,1000.3456963423474
2024-06-15 06:00:00,3526.91,3557.81,3526.9,3539.58,24296.7097,3474.714500000003,3567.950306956485,3381.4786930435216,0,896.7108927304633,0.029384022731479983,1000.7179919103553
2024-06-15 07:00:00,3539.58,3549.62,3526.5,3529.61,13054.5613,3475.4050000000034,3570.041716235424,3380.768283764583,0,896.7108927304633,0.029384022731479983,1000.4250332037224
2024-06-15 08:00:00,3529.61,3540.25,3527.6,3534.5,6601.5608,3476.468000000003,3573.234391602822,3379.701608397184,0,896.7108927304633,0.029384022731479983,1000.5687210748794
2024-06-15 09:00:00,3534.5,3540.8,3519.49,3532.21,10089.6667,3477.697000000003,3576.6157183694086,3378.778281630597,0,896.7108927304633,0.029384022731479983,1000.5014316628243
2024-06-15 10:00:00,3532.21,3538.65,3527.8,3538.45,5581.2259,3480.170000000003,3582.5083064148025,3377.831693585203,0,896.7108927304633,0.029384022731479983,1000.6847879646687
2024-06-15 11:00:00,3538.45,3542.3,3533.33,3539.4,7592.6831,3484.019500000002,3589.149940020322,3378.8890599796823,0,896.7108927304633,0.029384022731479983,1000.7127027862637
2024-06-15 12:00:00,3539.4,3565.88,3537.75,3565.02,14731.0113,3492.110000000002,3596.0174867363894,3388.2025132636145,0,896.7108927304633,0.029384022731479983,1001.4655214486442
2024-06-15 13:00:00,3565.02,3570.79,3549.3,3569.18,13598.3179,3501.088000000002,3598.8707429758047,3403.3052570241994,0,896.7108927304633,0.029384022731479983,1001.5877589832071
2024-06-15 14:00:00,3569.18,3569.65,3550.62,3558.03,11035.3086,3509.6095000000014,3595.304155719528,3423.914844280475,0,896.7108927304633,0.029384022731479983,1001.260127129751
2024-06-15 15:00:00,3558.03,3594.39,3556.25,3565.8,26386.7012,3517.5890000000013,3592.302234944589,3442.8757650554135,0,896.7108927304633,0.029384022731479983,1001.4884409863747
2024-06-15 16:00:00,3565.8,3570.6,3555.69,3556.97,9917.8249,3524.771500000001,3584.029259077556,3465.5137409224462,0,896.7108927304633,0.029384022731479983,1001.2289800656557
2024-06-15 17:00:00,3556.97,3575.73,3552.0,3571.51,8825.4335,3528.1365000000005,3589.9307677836446,3466.3422322163565,0,896.7108927304633,0.029384022731479983,1001.6562237561715
2024-06-15 18:00:00,3571.51,3571.98,3557.0,3561.81,8390.8042,3531.976,3592.097035386293,3471.854964613707,0,896.7108927304633,0.029384022731479983,1001.3711987356761
2024-06-15 19:00:00,3561.81,3564.5,3553.0,3558.48,5492.8166,3535.81,3592.3140430404874,3479.3059569595125,0,896.7108927304633,0.029384022731479983,1001.2733499399802
2024-06-15 20:00:00,3558.48,3558.48,3536.76,3554.15,8062.499,3538.8894999999998,3592.2555212019233,3485.523478798076,0,896.7108927304633,0.029384022731479983,1001.146117121553
2024-06-15 21:00:00,3554.15,3568.33,3554.14,3561.14,4756.1575,3543.0575,3589.215772009749,3496.899227990251,0,896.7108927304633,0.029384022731479983,1001.351511440446
2024-06-15 22:00:00,3561.14,3570.63,3556.88,3570.63,5058.6728,3547.339,3586.5203092675774,3508.1576907324225,0,896.7108927304633,0.029384022731479983,1001.6303658161677
2024-06-15 23:00:00,3570.63,3575.36,3565.92,3568.74,3026.7872,3550.5560000000005,3585.4361900211065,3515.6758099788944,0,896.7108927304633,0.029384022731479983,1001.5748300132052
2024-06-16 00:00:00,3568.75,3569.51,3557.0,3558.81,3295.254,3553.0465000000004,3582.3733268128444,3523.7196731871563,0,896.7108927304633,0.029384022731479983,1001.2830466674816
2024-06-16 01:00:00,3558.81,3568.4,3554.16,3568.26,4023.7326,3555.114,3582.5481272126813,3527.679872787319,0,896.7108927304633,0.029384022731479983,1001.5607256822941
2024-06-16 02:00:00,3568.26,3573.79,3561.55,3561.81,3736.4741,3556.2254999999996,3582.841206996594,3529.6097930034052,0,896.7108927304633,0.029384022731479983,1001.3711987356761
2024-06-16 03:00:00,3561.81,3564.0,3548.04,3555.01,4224.0764,3557.4954999999995,3581.1717070217087,3533.8192929782904,0,896.7108927304633,0.029384022731479983,1001.171387381102
2024-06-16 04:00:00,3555.01,3558.83,3541.05,3554.02,5726.1327,3558.4714999999997,3579.7649189582467,3537.1780810417526,0,896.7108927304633,0.029384022731479983,1001.1422971985978
2024-06-16 05:00:00,3554.02,3569.49,3553.29,3568.0,3865.9089,3560.2609999999995,3578.172606179788,3542.349393820211,0,896.7108927304633,0.029384022731479983,1001.553085836384
2024-06-16 06:00:00,3568.0,3574.54,3563.5,3570.33,2920.2195,3561.8549999999996,3577.2106276309305,3546.4993723690686,0,896.7108927304633,0.029384022731479983,1001.6215506093483
2024-06-16 07:00:00,3570.33,3573.75,3561.2,3561.93,3416.725,3562.9814999999994,3574.3777717999105,3551.5852282000883,0,896.7108927304633,0.029384022731479983,1001.3747248184038
2024-06-16 08:00:00,3561.93,3563.0,3547.5,3553.5,4599.5081,3562.4054999999994,3574.4759837904194,3550.3350162095794,0,896.7108927304633,0.029384022731479983,1001.1270175067775
2024-06-16 09:00:00,3553.5,3558.89,3546.92,3553.8,5899.2443,3561.6364999999996,3573.8415518610036,3549.4314481389956,0,896.7108927304633,0.029384022731479983,1001.1358327135969
2024-06-16 10:00:00,3553.8,3570.99,3549.2,3569.14,7801.0517,3562.192,3574.6975229368745,3549.6864770631255,0,896.7108927304633,0.029384022731479983,1001.5865836222978
2024-06-16 11:00:00,3569.14,3570.3,3553.99,3555.28,4091.48,3561.6659999999997,3574.403072502429,3548.9289274975704,0,896.7108927304633,0.029384022731479983,1001.1793210672395
2024-06-16 12:00:00,3555.28,3564.5,3553.17,3564.0,2626.6159,3562.0174999999995,3574.6039146975045,3549.4310853024945,0,896.7108927304633,0.029384022731479983,1001.435549745458
2024-06-16 13:00:00,3564.0,3593.4,3563.21,3593.0,16052.3245,3563.0919999999996,3581.19617587022,3544.9878241297793,-1,1002.2876864046709,0.0,1002.2876864046709
2024-06-16 14:00:00,3593.0,3611.98,3577.85,3579.49,15885.2053,3563.976,3583.420421717516,3544.531578282484,0,1002.2876864046709,0.0,1002.2876864046709
2024-06-16 15:00:00,3579.49,3595.59,3578.16,3591.88,5906.8134,3565.6460000000006,3588.375174554001,3542.916825446,-1,1002.2876864046709,0.0,1002.2876864046709
2024-06-16 16:00:00,3591.88,3604.2,3588.26,3595.6,6659.3207,3567.7185000000013,3593.2616237495367,3542.175376250466,-1,1002.2876864046709,0.0,1002.2876864046709
2024-06-16 17:00:00,3595.6,3608.44,3586.69,3591.55,7196.3141,3569.2390000000014,3596.591079187612,3541.8869208123906,0,1002.2876864046709,0.0,1002.2876864046709
2024-06-16 18:00:00,3591.55,3599.82,3587.55,3597.39,3481.3413,3570.577000000001,3600.5617301787142,3540.592269821288,0,1002.2876864046709,0.0,1002.2876864046709
2024-06-16 19:00:00,3597.39,3604.2,3588.51,3599.03,4458.614,3572.091500000001,3604.512927033789,3539.670072966213,0,1002.2876864046709,0.0,1002.2876864046709
2024-06-16 20:00:00,3599.03,3606.38,3593.56,3601.27,5466.6597,3574.214500000001,3608.392237474783,3540.036762525219,0,1002.2876864046709,0.0,1002.2876864046709
2024-06-16 21:00:00,3601.27,3601.27,3587.86,3596.35,2436.6783,3575.6190000000015,3610.990345972209,3540.247654027794,0,1002.2876864046709,0.0,1002.2876864046709
2024-06-16 22:00:00,3596.35,3653.79,3596.35,3628.61,21581.7374,3578.9590000000017,3620.5520431187333,3537.36595688127,-1,1002.2876864046709,0.0,1002.2876864046709
2024-06-16 23:00:00,3628.61,3635.29,3615.52,3624.41,4488.5501,3582.4290000000024,3626.929172986828,3537.928827013177,0,1002.2876864046709,0.0,1002.2876864046709
2024-06-17 00:00:00,3624.41,3638.37,3614.85,3617.95,11008.4986,3585.625500000002,3630.6846719727127,3540.566328027291,0,1002.2876864046709,0.0,1002.2876864046709
2024-06-17 01:00:00,3617.95,3627.6,3602.2,3611.4,12735.6738,3587.7955000000015,3633.4269222753965,3542.1640777246066,0,1002.2876864046709,0.0,1002.2876864046709
2024-06-17 02:00:00,3611.4,3611.4,3580.0,3595.38,13806.2968,3589.0480000000016,3634.064084501759,3544.031915498244,0,1002.2876864046709,0.0,1002.2876864046709
2024-06-17 03:00:00,3595.38,3597.38,3573.83,3582.05,11180.1979,3590.0540000000024,3633.4719333438316,3546.636066656173,0,1002.2876864046709,0.0,1002.2876864046709
2024-06-17 04:00:00,3582.05,3591.03,3576.0,3590.21,8333.446,3591.8895000000025,3631.9445443619657,3551.8344556380393,0,1002.2876864046709,0.0,1002.2876864046709
2024-06-17 05:00:00,3590.21,3596.0,3564.83,3574.0,10010.4759,3592.8995000000023,3629.9693127705887,3555.829687229416,0,1002.2876864046709,0.0,1002.2876864046709
2024-06-17 06:00:00,3574.0,3577.3,3547.11,3551.77,16610.8827,3592.0310000000027,3631.98820505544,3552.073794944565,1,902.2876864046709,0.02815497625127753,1002.2876864046709
2024-06-17 07:00:00,3551.77,3571.09,3538.7,3552.68,13718.5564,3591.9010000000026,3632.3495311950783,3551.452468804927,0,902.2876864046709,0.02815497625127753,1002.3133074330595
2024-06-17 08:00:00,3552.68,3561.1,3535.1,3544.4,12685.7133,3590.921000000002,3634.8279233247968,3547.0140766752074,1,802.2876864046709,0.0563684961700226,1002.0801842296991
2024-06-17 09:00:00,3544.4,3550.4,3510.09,3512.41,16421.7391,3586.8915000000025,3642.5224393309754,3531.2605606690295,1,802.2876864046709,0.0563684961700226,1000.27695603722
2024-06-17 10:00:00,3512.4,3524.43,3490.95,3519.19,30819.846,3583.876500000002,3646.838255779613,3520.914744220391,1,802.2876864046709,0.0563684961700226,1000.6591344412527
2024-06-17 11:00:00,3519.19,3533.48,3517.13,3527.63,10492.2092,3580.664000000002,3648.064479344429,3513.263520655575,0,802.2876864046709,0.0563684961700226,1001.1348845489277
2024-06-17 12:00:00,3527.63,3530.46,3517.4,3522.75,9315.8934,3577.0215000000017,3648.5473194700744,3505.495680529929,0,802.2876864046709,0.0563684961700226,1000.8598062876181
2024-06-17 13:00:00,3522.75,3539.75,3485.44,3495.0,16548.0064,3572.194000000002,3651.7302411474416,3492.657758852562,0,802.2876864046709,0.0563684961700226,999.2955805188999
2024-06-17 14:00:00,3495.01,3547.07,3494.22,3525.5,17373.7255,3568.5995000000016,3649.7378397591638,3487.4611602408395,0,802.2876864046709,0.0563684961700226,1001.0148196520856
2024-06-17 15:00:00,3525.49,3540.78,3488.2,3497.26,17012.2223,3563.5110000000013,3649.024277541405,3477.9977224585978,0,802.2876864046709,0.0563684961700226,999.4229733202442
2024-06-17 16:00:00,3497.26,3534.52,3463.39,3525.51,34498.3319,3559.723000000001,3644.9215424986564,3474.5244575013453,0,802.2876864046709,0.0563684961700226,1001.0153833370473
2024-06-17 17:00:00,3525.51,3555.4,3518.34,3554.2,16605.6942,3557.615500000001,3641.154824266468,3474.0761757335335,0,802.2876864046709,0.0563684961700226,1002.6325954921653
2024-06-17 18:00:00,3554.21,3577.77,3546.8,3560.98,17690.2805,3554.2340000000004,3631.222964767109,3477.245035232892,0,802.2876864046709,0.0563684961700226,1003.014773896198
2024-06-17 19:00:00,3560.97,3562.77,3542.57,3554.01,12148.6335,3550.714,3620.662659286098,3480.765340713902,0,802.2876864046709,0.0563684961700226,1002.6218854778929
2024-06-17 20:00:00,3554.01,3556.55,3508.2,3514.81,12122.3164,3545.557,3609.9007630539077,3481.213236946092,0,802.2876864046709,0.0563684961700226,1000.4122404280281
2024-06-17 21:00:00,3514.81,3530.81,3500.8,3524.2,7233.4761,3541.197,3598.5402263124342,3483.853773687566,0,802.2876864046709,0.0563684961700226,1000.9415406070646
2024-06-17 22:00:00,3524.2,3532.0,3514.46,3524.01,4246.9105,3537.6285,3589.6787442927334,3485.578255707266,0,802.2876864046709,0.0563684961700226,1000.9308305927923
2024-06-17 23:00:00,3524.0,3525.92,3503.3,3511.46,5186.6138,3534.0989999999997,3583.1061688218597,3485.0918311781397,0,802.2876864046709,0.0563684961700226,1000.2234059658584
2024-06-18 00:00:00,3511.47,3517.2,3450.0,3472.68,33527.699,3528.222499999999,3577.0931398050902,3479.3518601949077,1,702.2876864046709,0.08516469967855203,998.037435684385
2024-06-18 01:00:00,3472.67,3480.93,3355.0,3408.42,71462.7819,3519.943499999999,3587.512605151366,3452.3743948486317,1,702.2876864046709,0.08516469967855203,992.5647520830412
2024-06-18 02:00:00,3408.42,3444.4,3382.88,3429.55,34887.5335,3513.832499999999,3590.303530037172,3437.361469962826,1,702.2876864046709,0.08516469967855203,994.364282187249
2024-06-18 03:00:00,3429.56,3441.68,3420.92,3441.53,11383.2213,3508.274999999999,3588.698751839587,3427.851248160411,0,702.2876864046709,0.08516469967855203,995.3845552893981
2024-06-18 04:00:00,3441.52,3455.79,3428.78,3446.0,12955.2561,3503.3549999999996,3586.3356378616977,3420.3743621383014,0,702.2876864046709,0.08516469967855203,995.7652414969612
2024-06-18 05:00:00,3445.99,3462.54,3443.65,3444.9,10860.056,3499.979499999999,3586.623651902798,3413.3353480972,0,702.2876864046709,0.08516469967855203,995.6715603273149
2024-06-18 06:00:00,3444.91,3454.05,3432.05,3437.66,9990.9051,3495.9029999999993,3586.145301632517,3405.6606983674815,0,702.2876864046709,0.08516469967855203,995.0549679016422
2024-06-18 07:00:00,3437.66,3456.7,3437.6,3443.97,7782.1266,3491.719999999999,3583.435701163703,3400.0042988362948,0,702.2876864046709,0.08516469967855203,995.5923571566137
2024-06-18 08:00:00,3443.97,3451.84,3440.02,3448.41,8269.9362,3488.0029999999992,3580.410167059371,3395.5958329406276,0,702.2876864046709,0.08516469967855203,995.9704884231865
2024-06-18 09:00:00,3448.41,3448.41,3428.48,3431.39,8320.8088,3484.8224999999993,3580.3726802977694,3389.272319702229,0,702.2876864046709,0.08516469967855203,994.5209852346576
2024-06-18 10:00:00,3431.39,3442.15,3413.01,3426.0,13131.375,3479.847499999999,3576.7594185391968,3382.935581460801,0,702.2876864046709,0.08516469967855203,994.0619475033902
2024-06-18 11:00:00,3426.0,3428.46,3391.86,3414.11,20876.956,3475.6899999999996,3576.3201420048986,3375.0598579951006,0,702.2876864046709,0.08516469967855203,993.0493392242122
2024-06-18 12:00:00,3414.11,3419.61,3382.64,3407.85,20819.1355,3469.807,3571.8463716362266,3367.767628363773,0,702.2876864046709,0.08516469967855203,992.5162082042244
2024-06-18 13:00:00,3407.85,3411.09,3376.48,3392.03,23770.7721,3461.6985,3561.3702559337876,3362.0267440662124,0,702.2876864046709,0.08516469967855203,991.1689026553098
2024-06-18 14:00:00,3392.03,3440.73,3370.92,3401.19,35342.4198,3453.7090000000003,3545.5785975603976,3361.839402439603,0,702.2876864046709,0.08516469967855203,991.9490113043653
2024-06-18 15:00:00,3401.18,3430.03,3393.6,3424.01,14839.7208,3447.2090000000003,3527.429763870128,3366.9882361298723,0,702.2876864046709,0.08516469967855203,993.8924697510299
2024-06-18 16:00:00,3424.02,3429.09,3402.69,3423.21,13181.2474,3442.629000000001,3517.1452849040106,3368.112715095991,0,702.2876864046709,0.08516469967855203,993.8243379912869
2024-06-18 17:00:00,3423.21,3436.0,3401.5,3409.0,19519.557,3436.869000000001,3502.560572030905,3371.177427969097,0,702.2876864046709,0.08516469967855203,992.6141476088549
2024-06-18 18:00:00,3409.0,3421.64,3391.8,3401.9,8500.6224,3430.763500000001,3484.542022952005,3376.984977047997,0,702.2876864046709,0.08516469967855203,992.009478241137
2024-06-18 19:00:00,3401.91,3426.41,3386.92,3423.27,14945.6374,3426.3540000000007,3465.382198214985,3387.3258017850167,0,702.2876864046709,0.08516469967855203,993.8294478732678
2024-06-18 20:00:00,3423.27,3469.41,3412.64,3462.2,20488.1851,3425.830000000001,3462.570569400868,3389.0894305991337,0,702.2876864046709,0.08516469967855203,997.1449096317538
2024-06-18 21:00:00,3462.2,3490.0,3452.89,3473.39,21761.2747,3429.078500000001,3470.3026134640845,3387.8543865359175,-1,998.0979026211567,0.0,998.0979026211567
2024-06-18 22:00:00,3473.4,3487.24,3466.42,3480.29,6718.3648,3431.615500000001,3478.5000511751973,3384.7309488248043,-1,998.0979026211567,0.0,998.0979026211567
2024-06-18 23:00:00,3480.29,3487.25,3472.84,3483.42,6577.7089,3433.7100000000005,3485.64934154287,3381.770658457131,0,998.0979026211567,0.0,998.0979026211567
2024-06-19 00:00:00,3483.42,3497.72,3465.65,3493.99,17177.146,3436.109500000001,3494.171463959996,3378.047536040006,0,998.0979026211567,0.0,998.0979026211567
2024-06-19 01:00:00,3493.99,3547.68,3492.8,3517.8,39093.4822,3439.7545000000005,3507.851934158075,3371.657065841926,-1,998.0979026211567,0.0,998.0979026211567
2024-06-19 02:00:00,3517.8,3546.33,3517.21,3539.69,14825.3764,3444.8560000000007,3525.662576315936,3364.0494236840655,-1,998.0979026211567,0.0,998.0979026211567
2024-06-19 03:00:00,3539.69,3573.08,3529.01,3565.93,21167.4515,3450.954,3547.4557412066724,3354.452258793328,-1,998.0979026211567,0.0,998.0979026211567
2024-06-19 04:00:00,3565.93,3585.0,3559.05,3560.68,13510.5862,3456.5674999999997,3564.2392472456586,3348.8957527543407,0,998.0979026211567,0.0,998.0979026211567
2024-06-19 05:00:00,3560.68,3568.32,3546.02,3550.17,10503.0804,3462.5064999999995,3576.863933387337,3348.149066612662,0,998.0979026211567,0.0,998.0979026211567
2024-06-19 06:00:00,3550.17,3562.8,3549.53,3561.5,6823.0817,3469.2814999999996,3590.0598828792927,3348.5031171207065,0,998.0979026211567,0.0,998.0979026211567
2024-06-19 07:00:00,3561.5,3566.0,3532.96,3544.3,23468.2938,3475.7909999999997,3597.998608584472,3353.5833914155273,0,998.0979026211567,0.0,998.0979026211567
2024-06-19 08:00:00,3544.31,3548.69,3526.0,3531.27,15946.1781,3481.9619999999995,3602.2731076498894,3361.6508923501096,0,998.0979026211567,0.0,998.0979026211567
2024-06-19 09:00:00,3531.27,3539.73,3522.36,3533.9,12198.9303,3489.0554999999995,3603.9269494508676,3374.1840505491314,0,998.0979026211567,0.0,998.0979026211567
2024-06-19 10:00:00,3533.9,3561.94,3530.67,3560.0,16623.9606,3496.995999999999,3608.3773222041723,3385.614677795826,0,998.0979026211567,0.0,998.0979026211567
2024-06-19 11:00:00,3559.99,3564.0,3518.46,3536.94,12275.6498,3502.6424999999995,3610.0295591595714,3395.2554408404276,0,998.0979026211567,0.0,998.0979026211567
2024-06-19 12:00:00,3536.95,3549.6,3532.11,3547.0,6968.2445,3508.8319999999994,3611.352017479215,3406.3119825207837,0,998.0979026211567,0.0,998.0979026211567
2024-06-19 13:00:00,3547.0,3550.61,3535.6,3540.49,6557.4041,3515.4064999999996,3607.843602566739,3422.9693974332604,0,998.0979026211567,0.0,998.0979026211567
2024-06-19 14:00:00,3540.49,3541.23,3512.2,3520.41,17106.8682,3521.332,3597.7023713748,3444.9616286252,0,998.0979026211567,0.0,998.0979026211567
2024-06-19 15:00:00,3520.4,3533.34,3515.94,3529.29,9098.7633,3526.6329999999994,3588.3538717043666,3464.912128295632,0,998.0979026211567,0.0,998.0979026211567
2024-06-19 16:00:00,3529.3,3553.78,3523.43,3546.87,9433.6339,3530.866499999999,3585.5415477910396,3476.1914522089587,0,998.0979026211567,0.0,998.0979026211567
2024-06-19 17:00:00,3546.86,3590.01,3544.0,3561.8,22825.301,3535.2869999999994,3584.7022227956822,3485.8717772043165,0,998.0979026211567,0.0,998.0979026211567
2024-06-19 18:00:00,3561.81,3575.0,3553.73,3554.27,10286.3108,3538.986,3582.047243548372,3495.9247564516277,0,998.0979026211567,0.0,998.0979026211567
2024-06-19 19:00:00,3554.26,3556.49,3534.03,3546.29,8332.523,3542.1295,3576.8843261242882,3507.374673875712,0,998.0979026211567,0.0,998.0979026211567
2024-06-19 20:00:00,3546.28,3561.5,3532.14,3553.0,10755.2631,3545.0799999999995,3572.1581720200097,3518.0018279799892,0,998.0979026211567,0.0,998.0979026211567
2024-06-19 21:00:00,3553.0,3576.69,3550.04,3569.8,7074.3175,3547.6799999999994,3573.748436852795,3521.611563147204,0,998.0979026211567,0.0,998.0979026211567
2024-06-19 22:00:00,3569.8,3573.51,3556.83,3557.01,5319.2561,3548.5459999999994,3574.6459106501316,3522.446089349867,0,998.0979026211567,0.0,998.0979026211567
2024-06-19 23:00:00,3557.01,3568.52,3551.83,3560.51,4128.9002,3548.274999999999,3573.752408423149,3522.7975915768493,0,998.0979026211567,0.0,998.0979026211567
2024-06-20 00:00:00,3560.51,3569.79,3550.09,3563.03,6722.5974,3548.3924999999995,3574.1181353651723,3522.6668646348267,0,998.0979026211567,0.0,998.0979026211567
2024-06-20 01:00:00,3563.04,3594.47,3550.69,3559.41,18686.4155,3548.8545,3575.019356180208,3522.689643819792,0,998.0979026211567,0.0,998.0979026211567
2024-06-20 02:00:00,3559.41,3559.58,3533.49,3552.0,11593.1155,3548.3795,3573.94694607759,3522.81205392241,0,998.0979026211567,0.0,998.0979026211567
2024-06-20 03:00:00,3552.0,3557.14,3544.49,3553.65,4897.0031,3548.8469999999993,3574.4408907543434,3523.253109245655,0,998.0979026211567,0.0,998.0979026211567
2024-06-20 04:00:00,3553.65,3573.79,3544.61,3570.9,7606.9744,3550.8284999999987,3576.8057718152013,3524.851228184796,0,998.0979026211567,0.0,998.0979026211567
2024-06-20 05:00:00,3570.9,3584.79,3567.35,3581.16,16726.5001,3553.1914999999995,3581.105094016839,3525.27790598316,-1,998.0979026211567,0.0,998.0979026211567
2024-06-20 06:00:00,3581.16,3592.33,3575.0,3580.26,13512.4732,3554.204499999999,3584.4093615119473,3523.9996384880506,0,998.0979026211567,0.0,998.0979026211567
2024-06-20 07:00:00,3580.26,3616.06,3580.0,3607.87,19501.8307,3557.750999999999,3594.877912017494,3520.6240879825036,-1,998.0979026211567,0.0,998.0979026211567
2024-06-20 08:00:00,3607.87,3611.5,3583.2,3587.34,12761.1051,3559.7679999999987,3598.679687498174,3520.856312501823,0,998.0979026211567,0.0,998.0979026211567
2024-06-20 09:00:00,3587.34,3591.45,3572.24,3580.72,12728.9073,3561.7794999999983,3600.656278402655,3522.9027215973415,0,998.0979026211567,0.0,998.0979026211567
2024-06-20 10:00:00,3580.73,3609.5,3575.49,3604.95,13053.961,3566.006499999998,3604.35210067295,3527.660899327046,-1,998.0979026211567,0.0,998.0979026211567
2024-06-20 11:00:00,3604.95,3625.96,3597.04,3598.94,19630.4088,3569.4889999999987,3606.4913874358517,3532.4866125641456,0,998.0979026211567,0.0,998.0979026211567
2024-06-20 12:00:00,3598.94,3611.81,3582.82,3589.4,19326.6689,3571.6154999999985,3608.0579809660185,3535.1730190339786,0,998.0979026211567,0.0,998.0979026211567
2024-06-20 13:00:00,3589.4,3592.26,3525.0,3531.36,40853.9107,3570.093499999998,3610.3876773829193,3529.799322617077,0,998.0979026211567,0.0,998.0979026211567
2024-06-20 14:00:00,3531.36,3534.29,3491.46,3521.24,27727.1688,3568.441999999998,3613.607995881523,3523.2760041184733,1,898.0979026211567,0.0283990866853722,998.0979026211567
2024-06-20 15:00:00,3521.24,3532.23,3506.6,3506.61,15236.5144,3566.4579999999987,3618.330142658189,3514.5858573418086,1,898.0979026211567,0.0283990866853722,997.6824239829497
2024-06-20 16:00:00,3506.61,3523.3,3486.0,3516.15,18041.0528,3564.6154999999985,3620.714478412713,3508.516521587284,0,898.0979026211567,0.0283990866853722,997.9533512699281
2024-06-20 17:00:00,3516.15,3524.52,3508.37,3522.93,10125.1437,3562.271999999998,3621.155680115739,3503.3883198842573,0,898.0979026211567,0.0283990866853722,998.1458970776549
2024-06-20 18:00:00,3522.93,3542.4,3521.0,3527.21,12533.9796,3560.7819999999983,3621.5992543277453,3499.9647456722514,0,898.0979026211567,0.0283990866853722,998.2674451686684
2024-06-20 19:00:00,3527.22,3538.25,3514.13,3536.61,10757.8109,3559.5869999999986,3621.311133399783,3497.862866600214,0,898.0979026211567,0.0283990866853722,998.5343965835109
2024-06-20 20:00:00,3536.61,3538.91,3522.0,3525.97,4220.9858,3557.733999999999,3621.1357657162594,3494.3322342837387,0,898.0979026211567,0.0283990866853722,998.2322303011784
2024-06-20 21:00:00,3525.97,3530.53,3516.31,3516.8,3621.9384,3555.603499999999,3621.4532110924115,3489.753788907586,0,898.0979026211567,0.0283990866853722,997.9718106762737
2024-06-20 22:00:00,3516.8,3522.5,3515.0,3519.53,4332.5501,3553.9799999999987,3621.680102510714,3486.2798974892835,0,898.0979026211567,0.0283990866853722,998.0493401829247
2024-06-20 23:00:00,3519.53,3523.0,3511.0,3513.08,4918.8291,3551.951499999999,3621.96139109368,3481.9416089063184,0,898.0979026211567,0.0283990866853722,997.866166073804
2024-06-21 00:00:00,3513.08,3517.5,3491.66,3499.6,9041.5969,3548.3864999999996,3621.3719419109534,3475.401058089046,0,898.0979026211567,0.0283990866853722,997.4833463852852
2024-06-21 01:00:00,3499.6,3529.41,3496.0,3527.8,8190.0312,3545.7185,3617.609682845492,3473.827317154508,0,898.0979026211567,0.0283990866853722,998.2842006298127
2024-06-21 02:00:00,3527.8,3536.21,3506.38,3508.65,8696.0579,3542.138,3613.924168193654,3470.3518318063457,0,898.0979026211567,0.0283990866853722,997.7403581197879
2024-06-21 03:00:00,3508.64,3513.34,3495.3,3501.2,8085.3996,3536.8044999999997,3603.964859282312,3469.6441407176876,0,898.0979026211567,0.0283990866853722,997.5287849239818
2024-06-21 04:00:00,3501.2,3517.2,3493.0,3517.2,6494.4009,3533.2974999999997,3596.7594381592776,3469.8355618407218,0,898.0979026211567,0.0283990866853722,997.9831703109478
2024-06-21 05:00:00,3517.2,3521.74,3504.86,3518.92,7716.0617,3530.2074999999995,3590.0471941413525,3470.3678058586465,0,898.0979026211567,0.0283990866853722,998.0320167400466
2024-06-21 06:00:00,3518.91,3520.42,3506.13,3512.08,5208.9394,3525.564,3574.9904465233894,3476.1375534766103,0,898.0979026211567,0.0283990866853722,997.8377669871187
2024-06-21 07:00:00,3512.08,3519.82,3467.0,3475.0,25603.1459,3519.3669999999997,3560.8868569834567,3477.8471430165428,1,798.0979026211567,0.05717606510263839,996.7847288528251
2024-06-21 08:00:00,3475.0,3489.03,3446.82,3459.34,22632.7448,3512.864,3548.8426939161486,3476.8853060838514,1,798.0979026211567,0.05717606510263839,995.8893516733177
2024-06-21 09:00:00,3459.33,3532.83,3454.0,3514.5,41472.5746,3512.0209999999997,3547.0029770155556,3477.039022984444,0,798.0979026211567,0.05717606510263839,999.0431834243793
2024-06-21 10:00:00,3514.49,3522.3,3490.77,3496.44,12323.6404,3510.781,3546.1242289966503,3475.4377710033496,0,798.0979026211567,0.05717606510263839,998.0105836886256
2024-06-21 11:00:00,3496.44,3510.0,3491.92,3503.22,8104.4658,3510.6115,3546.065459030182,3475.157540969818,0,798.0979026211567,0.05717606510263839,998.3982374100215
2024-06-21 12:00:00,3503.21,3512.72,3471.71,3495.81,18420.3082,3509.5945,3545.5184187577,3473.6705812423,0,798.0979026211567,0.05717606510263839,997.9745627676109
2024-06-21 13:00:00,3495.8,3498.37,3455.1,3476.0,19664.6578,3507.2480000000005,3545.440337764244,3469.055662235757,0,798.0979026211567,0.05717606510263839,996.8419049179276
2024-06-21 14:00:00,3476.0,3519.99,3463.65,3514.22,26450.2907,3506.5985,3543.840851307558,3469.3561486924423,0,798.0979026211567,0.05717606510263839,999.0271741261505
2024-06-21 15:00:00,3514.22,3519.8,3474.8,3492.78,24495.4415,3504.407,3539.4189151706078,3469.3950848293925,0,798.0979026211567,0.05717606510263839,997.80131929035
2024-06-21 16:00:00,3492.78,3495.69,3474.78,3488.96,12825.5791,3502.5565,3536.715922871486,3468.3970771285144,0,798.0979026211567,0.05717606510263839,997.5829067216579
2024-06-21 17:00:00,3488.95,3510.0,3469.96,3478.74,23664.1586,3500.6535000000003,3535.6570742589756,3465.649925741025,0,798.0979026211567,0.05717606510263839,996.998567336309
2024-06-21 18:00:00,3478.73,3526.4,3476.0,3524.01,17808.7901,3500.8775,3536.414667513916,3465.340332486084,0,798.0979026211567,0.05717606510263839,999.5869278035054
2024-06-21 19:00:00,3524.01,3537.5,3511.19,3535.45,12021.5391,3501.996,3540.2994914323262,3463.692508567674,0,798.0979026211567,0.05717606510263839,1000.2410219882795
