timestamp,open,high,low,close,volume,cumulative_price_volume,cumulative_volume,indicator,signal,balance_usdt,balance_btc,total_balance
2024-06-01 00:00:00,67540.01,67703.89,67507.39,67655.66,569.87074,38535977.73977853,569.87074,67622.31333333334,1,1000.0,0.0,1000.0
2024-06-01 01:00:00,67655.66,67710.29,67428.44,67560.0,566.55975,76816291.67115104,1136.43049,67594.3600133001,-1,1000.0,0.0,1000.0
2024-06-01 02:00:00,67560.0,67740.0,67546.52,67729.05,327.71958,98993684.11577125,1464.15007,67611.70602940398,1,900.0,0.0014764713221283924,1000.0
2024-06-01 03:00:00,67729.05,67757.14,67623.24,67715.31,313.20132,120196963.51387486,1777.3513899999998,67627.01185041123,1,900.0,0.0014764713221283924,999.979713284034
2024-06-01 04:00:00,67715.31,67763.81,67656.0,67680.01,315.96397,141587705.32503664,2093.3153599999996,67638.01958871436,1,900.0,0.0014764713221283924,999.9275938463628
2024-06-01 05:00:00,67680.01,67810.0,67603.0,67686.35,316.72396,163029848.793512,2410.0393199999994,67646.13649270752,1,900.0,0.0014764713221283924,999.9369546745452
2024-06-01 06:00:00,67686.35,67729.87,67607.94,67693.32,266.23887,181048108.3355197,2676.2781899999995,67649.21113657461,1,900.0,0.0014764713221283924,999.9472456796603
2024-06-01 07:00:00,67693.32,67733.01,67575.23,67632.08,351.80708,204846722.13334155,3028.0852699999996,67648.92790926644,-1,999.8568265758933,0.0,999.8568265758933
2024-06-01 08:00:00,67632.07,67741.06,67611.61,67704.0,376.4478,230326801.03228354,3404.5330699999995,67652.97804326618,1,899.8568265758933,0.0014770176060498641,999.8568265758933
2024-06-01 09:00:00,67704.0,67760.0,67635.0,67706.69,349.38935,253980656.8499507,3753.9224199999994,67657.40695566926,1,899.8568265758933,0.0014770176060498641,999.8607997532536
2024-06-01 10:00:00,67706.69,67750.0,67627.32,67627.33,317.62668,275473887.8513047,4071.5490999999993,67658.2502348565,-1,999.7435836360374,0.0,999.7435836360374
2024-06-01 11:00:00,67627.33,67694.0,67627.32,67660.57,249.68951,292368037.402296,4321.238609999999,67658.38774228115,1,899.7435836360374,0.001477965674838388,999.7435836360374
2024-06-01 12:00:00,67660.57,67872.5,67640.0,67717.76,408.2284,320022825.359424,4729.467009999999,67665.72738170427,1,899.7435836360374,0.001477965674838388,999.8281084929814
2024-06-01 13:00:00,67717.76,67837.0,67714.28,67720.01,419.26976,348431327.0171541,5148.7367699999995,67673.16772676147,1,899.7435836360374,0.001477965674838388,999.8314339157498
2024-06-01 14:00:00,67720.01,67870.0,67673.0,67803.34,379.0052,374121100.43747675,5527.741969999999,67680.63749500175,1,899.7435836360374,0.001477965674838388,999.9545927954341
2024-06-01 15:00:00,67803.33,67824.0,67668.01,67691.28,321.49058,395894938.35361284,5849.232549999999,67683.22766610005,1,899.7435836360374,0.001477965674838388,999.7889719619117
2024-06-01 16:00:00,67691.28,67719.99,67612.0,67700.01,304.8731,416527936.7666795,6154.105649999999,67682.93566209407,1,899.7435836360374,0.001477965674838388,999.8018746022531
2024-06-01 17:00:00,67700.01,67900.0,67556.72,67791.02,1177.16281,496279830.34819597,7331.268459999998,67693.58304854602,1,899.7435836360374,0.001477965674838388,999.9363842583201
2024-06-01 18:00:00,67791.02,67821.73,67726.32,67750.71,277.11069,515058583.56811076,7608.379149999999,67696.22982946517,1,899.7435836360374,0.001477965674838388,999.8768074619674
2024-06-01 19:00:00,67750.7,67782.64,67685.72,67753.76,174.52798,526881232.2664166,7782.907129999999,67697.22720132428,1,899.7435836360374,0.001477965674838388,999.8813152572757
2024-06-01 20:00:00,67753.76,67796.54,67700.0,67796.54,337.18395,549730286.8404386,8120.091079999998,67700.01486737495,1,899.7435836360374,0.001477965674838388,999.9445426288452
2024-06-01 21:00:00,67796.54,67820.2,67713.23,67760.01,290.36113,569406457.827101,8410.452209999998,67702.24045147997,1,899.7435836360374,0.001477965674838388,999.8905525427433
2024-06-01 22:00:00,67760.01,67885.0,67710.0,67765.4,263.4495,587264856.393701,8673.901709999998,67704.80875021365,1,899.7435836360374,0.001477965674838388,999.8985187777307
2024-06-01 23:00:00,67765.41,67819.78,67723.0,67766.85,163.75962,598362825.6440811,8837.661329999999,67706.01444218062,1,899.7435836360374,0.001477965674838388,999.9006618279593
2024-06-02 00:00:00,67766.84,67910.55,67744.0,67889.0,298.77105,618633799.0288236,9136.432379999998,67710.65261567927,1,899.7435836360374,0.001477965674838388,1000.0811953351408
2024-06-02 01:00:00,67888.99,67900.0,67710.0,67755.0,408.0762,646296604.4998236,9544.508579999998,67713.97386074996,1,899.7435836360374,0.001477965674838388,999.8831479347124
2024-06-02 02:00:00,67755.0,67815.0,67643.33,67733.26,340.27499,669343609.9182683,9884.783569999998,67714.54379129806,1,899.7435836360374,0.001477965674838388,999.8510169609415
2024-06-02 03:00:00,67733.25,67807.99,67726.31,67789.47,240.10946,685616930.1248897,10124.893029999997,67715.96777303334,1,899.7435836360374,0.001477965674838388,999.9340934115241
2024-06-02 04:00:00,67789.48,67852.63,67745.18,67852.62,179.28516,697775477.7564293,10304.178189999997,67717.72235398712,1,899.7435836360374,0.001477965674838388,1000.0274269438901
2024-06-02 05:00:00,67852.62,67867.6,67728.4,67728.4,208.19005,711885516.7571694,10512.368239999996,67718.85273657134,1,899.7435836360374,0.001477965674838388,999.8438340477617
2024-06-02 06:00:00,67728.41,67852.33,67724.6,67841.09,326.57495,734029259.9940357,10838.943189999996,67721.4786651203,1,899.7435836360374,0.001477965674838388,1000.0103859996592
2024-06-02 07:00:00,67841.09,67842.91,67720.41,67721.0,342.48176,757236317.2253702,11181.424949999997,67722.70266191523,-1,999.8328971017679,0.0,999.8328971017679
2024-06-02 08:00:00,67721.01,67812.57,67671.81,67750.67,357.78944,781474768.8013275,11539.214389999997,67723.3945387618,1,899.8328971017679,0.0014760001635408181,999.8328971017679
2024-06-02 09:00:00,67750.68,67772.65,67377.79,67529.99,1006.07274,849445187.3194869,12545.287129999997,67710.30256359601,-1,999.5071733856778,0.0,999.5071733856778
2024-06-02 10:00:00,67530.0,67581.97,67367.2,67529.99,381.18834,875172752.2811517,12926.475469999998,67703.8961093663,-1,999.5071733856778,0.0,999.5071733856778
2024-06-02 11:00:00,67530.0,68320.08,67492.6,68251.52,1213.972,957748827.2819517,14140.447469999997,67731.15414585617,1,899.5071733856778,0.0014651688343351181,999.5071733856778
2024-06-02 12:00:00,68251.53,68305.0,67852.24,67934.99,941.82256,1021821716.1268545,15082.270029999998,67749.86219543601,1,899.5071733856778,0.0014651688343351181,999.0434034945457
2024-06-02 13:00:00,67934.99,68214.66,67800.0,68165.98,722.27646,1070980006.0800993,15804.546489999997,67764.04541299176,1,899.5071733856778,0.0014651688343351181,999.3818428435887
2024-06-02 14:00:00,68165.97,68460.0,68073.65,68252.5,2085.25292,1213323645.1677854,17889.799409999996,67822.09332596343,1,899.5071733856778,0.0014651688343351181,999.5086092511355
2024-06-02 15:00:00,68252.51,68297.12,68016.19,68142.17,465.81443,1245069749.4599776,18355.613839999995,67830.46104112081,1,899.5071733856778,0.0014651688343351181,999.3469571736432
2024-06-02 16:00:00,68142.18,68200.0,67980.0,68103.63,440.2764,1275050169.8584216,18795.890239999993,67836.64692534521,1,899.5071733856778,0.0014651688343351181,999.290489566768
2024-06-02 17:00:00,68103.63,68103.64,67808.66,67879.28,1181.95687,1355341122.5348065,19977.847109999995,67842.20116773168,1,899.5071733856778,0.0014651688343351181,998.9617789387848
2024-06-02 18:00:00,67879.27,67879.28,67456.88,67697.14,1480.43326,1455533539.2706592,21458.280369999997,67830.85662845496,-1,998.694913087299,0.0,998.694913087299
2024-06-02 19:00:00,67697.14,67798.0,67257.47,67736.95,1565.51294,1561358258.4852974,23023.793309999997,67814.9876287826,-1,998.694913087299,0.0,998.694913087299
2024-06-02 20:00:00,67736.95,67831.21,67577.65,67831.2,365.03156,1586087937.204062,23388.824869999997,67813.9216493292,1,898.694913087299,0.0014742478387526684,998.694913087299
2024-06-02 21:00:00,67831.21,67902.12,67755.0,67816.14,263.27949,1603944715.9112077,23652.104359999998,67814.03850998431,1,898.694913087299,0.0014742478387526684,998.6727109148474
2024-06-02 22:00:00,67816.13,67984.01,67809.96,67927.99,330.59344,1626394430.4311886,23982.697799999998,67815.32436401666,1,898.694913087299,0.0014742478387526684,998.8376055356119
2024-06-02 23:00:00,67928.0,67984.01,67765.62,67765.63,281.28882,1645476619.543653,24263.98662,67815.59210831995,-1,998.5982466565121,0.0,998.5982466565121
2024-06-03 00:00:00,67765.62,67873.87,67612.48,67823.99,545.42052,1682439829.9983785,24809.40714,67814.5922836582,1,898.5982466565121,0.0014744045580332267,998.5982466565121
2024-06-03 01:00:00,67824.0,68553.67,67823.8,68476.01,1377.62869,1776510507.0964923,26187.03583,67839.31249909976,1,898.5982466565121,0.0014744045580332267,999.5595879164408
2024-06-03 02:00:00,68476.01,68793.97,68404.51,68416.08,1163.43425,1856250180.8973856,27350.47008,67869.04120725759,1,898.5982466565121,0.0014744045580332267,999.471226851278
2024-06-03 03:00:00,68416.09,68518.7,68201.0,68382.81,722.42687,1905640702.3402002,28072.89695,67881.8686127867,1,898.5982466565121,0.0014744045580332267,999.4221734116322
2024-06-03 04:00:00,68382.8,68600.0,68285.29,68510.0,809.57781,1961068525.3610384,28882.474759999997,67898.21653638099,1,898.5982466565121,0.0014744045580332267,999.6097029273684
2024-06-03 05:00:00,68510.0,68780.0,68441.16,68700.0,803.11096,2016194372.1916764,29685.585719999995,67918.29513518108,1,898.5982466565121,0.0014744045580332267,999.8898397933947
2024-06-03 06:00:00,68699.99,69221.0,68632.01,69038.94,2491.91796,2188046960.8531504,32177.503679999994,67999.27622145333,1,898.5982466565121,0.0014744045580332267,1000.3895744742945
2024-06-03 07:00:00,69038.94,69179.62,68804.0,68906.7,1420.73895,2286026006.1871386,33598.24262999999,68040.04695608506,1,898.5982466565121,0.0014744045580332267,1000.1945992155402
2024-06-03 08:00:00,68906.7,69333.0,68906.69,69142.55,1257.93453,2372983766.388721,34856.17715999999,68079.28923174895,1,898.5982466565121,0.0014744045580332267,1000.5423375305523
2024-06-03 09:00:00,69142.54,69187.06,68913.72,69014.88,669.3308,2419193396.522164,35525.507959999995,68097.36258369785,1,898.5982466565121,0.0014744045580332267,1000.3541003006283
2024-06-03 10:00:00,69014.89,69186.79,68876.98,68907.99,1001.70426,2488301561.086063,36527.212219999994,68121.85792058958,1,898.5982466565121,0.0014744045580332267,1000.19650119742
2024-06-03 11:00:00,68908.0,69248.99,68824.0,69080.0,897.94818,2550305777.8700824,37425.16039999999,68144.1509030936,1,898.5982466565121,0.0014744045580332267,1000.4501135254474
2024-06-03 12:00:00,69080.0,69769.3,69075.4,69746.23,1886.90789,2681503068.4032283,39312.068289999996,68210.68402257877,1,898.5982466565121,0.0014744045580332267,1001.4324060741458
2024-06-03 13:00:00,69746.23,70288.0,69521.04,69795.34,2750.0373,2873643022.817686,42062.10558999999,68319.04828608669,1,898.5982466565121,0.0014744045580332267,1001.5048140819908
2024-06-03 14:00:00,69795.33,70079.67,68500.0,68776.01,3731.05685,3131528299.567822,45793.16243999999,68384.18953202618,1,898.5982466565121,0.0014744045580332267,1000.0019092838509
2024-06-03 15:00:00,68776.01,69631.16,68760.0,69615.28,1863.02683,3260702159.0787506,47656.189269999995,68421.37839861636,1,898.5982466565121,0.0014744045580332267,1001.2393327972713
2024-06-03 16:00:00,69615.27,69715.61,68899.89,69080.02,1608.62393,3372070153.620682,49264.8132,68447.84207201017,1,898.5982466565121,0.0014744045580332267,1000.4501430135385
2024-06-03 17:00:00,69080.02,69389.92,68800.0,69268.97,786.0188,3426425682.8763924,50050.831999999995,68458.91558558692,1,898.5982466565121,0.0014744045580332267,1000.7287317547789
2024-06-03 18:00:00,69268.98,69444.49,69162.98,69288.41,653.12456,3471686317.9266634,50703.95655999999,68469.73201821992,1,898.5982466565121,0.0014744045580332267,1000.7573941793871
2024-06-03 19:00:00,69288.41,69296.68,69021.77,69204.0,668.6234,3517937773.2917733,51372.57995999999,68478.90014538748,1,898.5982466565121,0.0014744045580332267,1000.6329396906435
2024-06-03 20:00:00,69204.0,69509.38,69101.27,69101.28,924.92879,3581977354.6529284,52297.508749999986,68492.31331029566,1,898.5982466565121,0.0014744045580332267,1000.4814888544423
2024-06-03 21:00:00,69101.28,69191.86,68899.51,69081.17,561.30151,3620739441.1637735,52858.810259999984,68498.31510308712,1,898.5982466565121,0.0014744045580332267,1000.4518385787802
2024-06-03 22:00:00,69081.17,69144.33,68810.0,69042.51,569.52117,3660035801.9981413,53428.331429999984,68503.6516027718,1,898.5982466565121,0.0014744045580332267,1000.3948380985667
2024-06-03 23:00:00,69042.51,69062.19,68730.51,68809.9,469.02919,3692336685.3747725,53897.360619999985,68506.81819852673,1,898.5982466565121,0.0014744045580332267,1000.0518768543226
2024-06-04 00:00:00,68809.89,69090.9,68629.9,69001.41,885.47608,3753352542.7613516,54782.836699999985,68513.29301027875,1,898.5982466565121,0.0014744045580332267,1000.3342400712315
2024-06-04 01:00:00,69001.4,69215.41,68900.6,69215.4,495.15752,3787573111.692586,55277.994219999986,68518.6422759568,1,898.5982466565121,0.0014744045580332267,1000.6497479026051
2024-06-04 02:00:00,69215.41,69306.67,69080.8,69139.57,426.69517,3817090040.2300515,55704.689389999985,68523.67515247808,1,898.5982466565121,0.0014744045580332267,1000.5379438049695
2024-06-04 03:00:00,69139.58,69370.01,69114.98,69170.22,388.66215,3843992613.6891522,56093.35153999998,68528.48881650464,1,898.5982466565121,0.0014744045580332267,1000.5831343046731
2024-06-04 04:00:00,69170.22,69268.27,69057.12,69061.22,385.62215,3870650237.1656227,56478.973689999984,68532.58804614132,1,898.5982466565121,0.0014744045580332267,1000.4224242078475
2024-06-04 05:00:00,69061.22,69156.16,68914.28,68956.01,450.12894,3901713102.6624436,56929.10262999999,68536.35350658688,1,898.5982466565121,0.0014744045580332267,1000.2673021042968
2024-06-04 06:00:00,68956.01,69039.71,68745.68,68905.43,1152.10393,3981089538.0014176,58081.206559999984,68543.50613203616,1,898.5982466565121,0.0014744045580332267,1000.1927267217515
2024-06-04 07:00:00,68905.43,69074.82,68894.21,69013.63,562.89903,4019926317.515024,58644.105589999985,68547.83233663134,1,898.5982466565121,0.0014744045580332267,1000.3522572949307
2024-06-04 08:00:00,69013.62,69191.99,68827.0,68836.54,719.36611,4069527936.8310537,59363.47169999999,68552.72813889445,1,898.5982466565121,0.0014744045580332267,1000.0911549917486
2024-06-04 09:00:00,68836.54,68890.01,68567.32,68717.92,1253.78456,4155694385.1991005,60617.25625999999,68556.2930689978,1,898.5982466565121,0.0014744045580332267,999.9162611230747
2024-06-04 10:00:00,68717.92,68958.0,68701.83,68890.66,651.64527,4200560268.4739947,61268.90152999999,68559.41862148799,1,898.5982466565121,0.0014744045580332267,1000.1709497664293
2024-06-04 11:00:00,68890.66,69030.0,68841.87,68955.85,518.48705,4236306099.9410033,61787.38857999999,68562.63385295842,1,898.5982466565121,0.0014744045580332267,1000.2670661995676
2024-06-04 12:00:00,68955.84,69155.5,68843.73,68946.56,981.79689,4304032344.281201,62769.18546999999,68569.19222471474,1,898.5982466565121,0.0014744045580332267,1000.2533689812234
2024-06-04 13:00:00,68946.56,69830.75,68946.55,69527.99,2310.51288,4464463029.45358,65079.69834999999,68599.93427510379,1,898.5982466565121,0.0014744045580332267,1001.1106320234007
2024-06-04 14:00:00,69527.99,70089.99,69319.79,69651.49,3400.63908,4701443671.079057,68480.33742999999,68653.92092854145,1,898.5982466565121,0.0014744045580332267,1001.2927209863178
2024-06-04 15:00:00,69651.49,70480.0,69463.83,70445.0,3308.73493,4933483961.313334,71789.07235999999,68721.93495652707,1,898.5982466565121,0.0014744045580332267,1002.4626757471627
2024-06-04 16:00:00,70445.0,70999.0,70388.17,70800.0,3577.03841,5186484513.713068,75366.11076999998,68817.19728832797,1,898.5982466565121,0.0014744045580332267,1002.9860893652645
2024-06-04 17:00:00,70800.0,70833.52,70360.4,70564.0,1477.20962,5290754792.558131,76843.32038999998,68851.1996320066,1,898.5982466565121,0.0014744045580332267,1002.6381298895686
2024-06-04 18:00:00,70564.01,71063.45,70564.0,70693.67,2685.01525,5480783274.257158,79528.33563999998,68916.10682093183,1,898.5982466565121,0.0014744045580332267,1002.8293159286088
2024-06-04 19:00:00,70693.67,70727.76,70092.5,70423.6,1513.09125,5587327019.651234,81041.42688999997,68944.08494602502,1,898.5982466565121,0.0014744045580332267,1002.4311234896209
2024-06-04 20:00:00,70423.61,70550.0,70168.67,70402.69,676.26117,5634918078.9597645,81717.68805999997,68955.91655532902,1,898.5982466565121,0.0014744045580332267,1002.4002936903123
2024-06-04 21:00:00,70402.69,70630.08,70340.41,70620.0,560.36634,5674440808.446466,82278.05439999996,68966.63818592274,1,898.5982466565121,0.0014744045580332267,1002.7206965448186
2024-06-04 22:00:00,70620.01,70736.0,70510.0,70561.3,756.17993,5727828951.542296,83034.23432999996,68981.53511933876,1,898.5982466565121,0.0014744045580332267,1002.634148997262
2024-06-04 23:00:00,70561.31,70610.0,70414.9,70537.84,482.91118,5761884289.014774,83517.14550999996,68990.43608147351,1,898.5982466565121,0.0014744045580332267,1002.5995594663306
2024-06-05 00:00:00,70537.83,70900.0,70423.51,70776.0,1036.06996,5835134265.962014,84553.21546999995,69011.38216360747,1,898.5982466565121,0.0014744045580332267,1002.9507036558717
2024-06-05 01:00:00,70775.99,71275.0,70646.16,70986.3,1527.72558,5943555656.90029,86080.94104999995,69046.12780020593,1,898.5982466565121,0.0014744045580332267,1003.2607709344261
2024-06-05 02:00:00,70986.29,71140.3,70672.08,70837.96,1397.29959,6042601067.86541,87478.24063999995,69075.47549718776,1,898.5982466565121,0.0014744045580332267,1003.0420577622874
2024-06-05 03:00:00,70837.96,70991.73,70768.0,70947.58,786.32991,6098353774.50829,88264.57054999995,69091.75149788675,1,898.5982466565121,0.0014744045580332267,1003.203681989939
2024-06-05 04:00:00,70947.58,71260.0,70826.15,71168.53,1358.27161,6194906367.022835,89622.84215999994,69121.95839497396,1,898.5982466565121,0.0014744045580332267,1003.5294516770365
2024-06-05 05:00:00,71168.54,71196.0,70884.61,70999.99,804.58799,6252053730.910166,90427.43014999994,69138.90752550785,1,898.5982466565121,0.0014744045580332267,1003.2809555328256
2024-06-05 06:00:00,70999.99,71150.0,70850.0,71119.05,1231.70706,6339553810.411997,91659.13720999994,69164.4499760833,1,898.5982466565121,0.0014744045580332267,1003.456498139505
2024-06-05 07:00:00,71119.06,71379.21,71032.6,71200.0,1297.93292,6431971743.845259,92957.07012999995,69192.92674403552,1,898.5982466565121,0.0014744045580332267,1003.5758511884778
2024-06-05 08:00:00,71199.99,71243.6,70880.4,70927.57,1095.54386,6509774190.304213,94052.61398999995,69214.17613120627,1,898.5982466565121,0.0014744045580332267,1003.1741791547329
2024-06-05 09:00:00,70927.57,71032.08,70825.0,70894.19,758.70704,6563579485.743526,94811.32102999995,69227.80333022357,1,898.5982466565121,0.0014744045580332267,1003.1249635305857
2024-06-05 10:00:00,70894.2,70908.59,70725.03,70800.33,860.62926,6624521776.805985,95671.95028999995,69242.04802688558,1,898.5982466565121,0.0014744045580332267,1002.9865759187687
2024-06-05 11:00:00,70800.33,71093.96,70694.61,70971.71,740.4467,6677034325.878345,96412.39698999995,69254.93540598205,1,898.5982466565121,0.0014744045580332267,1003.2392593719244
2024-06-05 12:00:00,70971.7,71120.0,70652.6,70940.01,1417.83072,6777564483.541471,97830.22770999995,69278.83786218241,1,898.5982466565121,0.0014744045580332267,1003.1925207474347
2024-06-05 13:00:00,70940.01,71169.99,70588.0,70730.7,1685.4948,6896947344.226074,99515.72250999995,69305.10245286142,1,898.5982466565121,0.0014744045580332267,1002.8839131293928
2024-06-05 14:00:00,70730.7,71080.0,70383.66,70867.99,1853.41573,7028126950.921693,101369.13823999994,69332.0183336472,1,898.5982466565121,0.0014744045580332267,1003.0863341311652
2024-06-05 15:00:00,70867.99,71731.35,70775.0,71580.0,2767.85879,7225647212.810532,104136.99702999994,69385.97634737783,1,898.5982466565121,0.0014744045580332267,1004.1361249205304
2024-06-05 16:00:00,71580.01,71758.0,71268.0,71312.77,1520.33366,7334269361.701864,105657.33068999994,69415.62231229096,1,898.5982466565121,0.0014744045580332267,1003.7421197904872
2024-06-05 17:00:00,71312.78,71704.0,71231.48,71628.98,1367.90189,7432103738.488808,107025.23257999994,69442.53760844115,1,898.5982466565121,0.0014744045580332267,1004.2083412557829
2024-06-05 18:00:00,71628.98,71748.22,70895.15,71096.81,1778.53896,7558818817.637945,108803.77153999994,69472.02942187595,1,898.5982466565121,0.0014744045580332267,1003.4237073821344
2024-06-05 19:00:00,71096.8,71398.73,70871.2,71279.95,937.98536,7625587704.661198,109741.75689999995,69486.6559463766,1,898.5982466565121,0.0014744045580332267,1003.6937298328926
2024-06-05 20:00:00,71279.95,71357.68,71160.0,71196.02,699.46084,7675415826.035033,110441.21773999995,69497.7471554547,1,898.5982466565121,0.0014744045580332267,1003.5699830583368
2024-06-05 21:00:00,71196.02,71211.34,71036.31,71138.42,363.26274,7701254228.857044,110804.48047999995,69503.09405807023,1,898.5982466565121,0.0014744045580332267,1003.4850573557941
2024-06-05 22:00:00,71138.43,71274.11,71090.0,71144.86,381.44972,7728401874.46504,111185.93019999996,69508.81159660472,1,898.5982466565121,0.0014744045580332267,1003.4945525211479
2024-06-05 23:00:00,71144.85,71294.47,70700.0,71108.0,1034.39613,7801879331.218854,112220.32632999995,69522.87153644794,1,898.5982466565121,0.0014744045580332267,1003.4402059691388
2024-06-06 00:00:00,71108.0,71183.99,70955.99,71018.06,470.98831,7835344312.893024,112691.31463999995,69529.26530250856,1,898.5982466565121,0.0014744045580332267,1003.3075980231893
2024-06-06 01:00:00,71018.06,71189.97,70900.0,71124.0,491.92883,7870306345.826942,113183.24346999996,69535.96755612525,1,898.5982466565121,0.0014744045580332267,1003.4637964420673
2024-06-06 02:00:00,71124.01,71237.02,71103.7,71160.0,454.18419,7902629229.686148,113637.42765999996,69542.48606656776,1,898.5982466565121,0.0014744045580332267,1003.5168750061565
2024-06-06 03:00:00,71160.01,71188.0,71012.34,71050.0,421.21498,7932570642.252179,114058.64263999996,69548.17678559902,1,898.5982466565121,0.0014744045580332267,1003.3546905047729
2024-06-06 04:00:00,71050.0,71106.46,70909.7,71054.52,591.72521,7974597073.208127,114650.36784999997,69555.79142704103,1,898.5982466565121,0.0014744045580332267,1003.3613548133751
2024-06-06 05:00:00,71054.51,71084.4,70800.0,70895.45,668.78311,8022031596.484239,115319.15095999997,69563.74140550852,1,898.5982466565121,0.0014744045580332267,1003.1268212803288
2024-06-06 06:00:00,70895.45,71037.72,70804.0,70887.99,577.39715,8062974772.575681,115896.54810999997,69570.44799059014,1,898.5982466565121,0.0014744045580332267,1003.1158222223258
2024-06-06 07:00:00,70888.0,71069.62,70853.23,71021.47,603.86899,8105838263.057226,116500.41709999998,69577.7617353889,1,898.5982466565121,0.0014744045580332267,1003.3126257427322
2024-06-06 08:00:00,71021.46,71039.5,70862.5,70904.01,518.12755,8142591815.252751,117018.54464999998,69583.77272258062,1,898.5982466565121,0.0014744045580332267,1003.1394421833455
2024-06-06 09:00:00,70904.01,71147.28,70904.0,70978.88,567.45225,8182886629.7893715,117585.99689999998,69590.65573725107,1,898.5982466565121,0.0014744045580332267,1003.2498308526056
2024-06-06 10:00:00,70978.89,71000.0,70892.5,70988.0,426.66814,8213163072.1151285,118012.66503999998,69595.60712683936,1,898.5982466565121,0.0014744045580332267,1003.2632774221747
2024-06-06 11:00:00,70988.01,71204.59,70935.01,71170.01,798.77919,8269958831.280134,118811.44422999998,69605.74282112769,1,898.5982466565121,0.0014744045580332267,1003.5316337957823
2024-06-06 12:00:00,71170.01,71443.6,71052.97,71187.17,1387.14463,8368762248.766573,120198.58885999997,69624.46338296034,1,898.5982466565121,0.0014744045580332267,1003.5569345779983
2024-06-06 13:00:00,71187.18,71535.95,71000.0,71123.09,1918.70297,8505411660.305022,122117.29182999997,69649.52737525037,1,898.5982466565121,0.0014744045580332267,1003.4624547339195
2024-06-06 14:00:00,71123.1,71520.0,71020.57,71464.57,1587.29162,8618641182.091331,123704.58344999998,69671.15479253758,1,898.5982466565121,0.0014744045580332267,1003.9659344023967
2024-06-06 15:00:00,71464.56,71700.0,71250.61,71300.0,1524.3121,8727502781.176458,125228.89554999997,69692.40400025599,1,898.5982466565121,0.0014744045580332267,1003.7232916442812
2024-06-06 16:00:00,71300.0,71379.93,70825.0,70948.95,2206.4127,8884271257.13855,127435.30824999997,69715.93178642115,1,898.5982466565121,0.0014744045580332267,1003.2057019241836
2024-06-06 17:00:00,70948.95,71225.01,70800.0,71098.31,1300.39004,8976652404.678461,128735.69828999997,69729.31769443593,1,898.5982466565121,0.0014744045580332267,1003.4259189889714
2024-06-06 18:00:00,71098.3,71158.87,70871.57,71075.0,591.43061,9018664764.802967,129327.12889999997,69735.28942853512,1,898.5982466565121,0.0014744045580332267,1003.3915506187236
2024-06-06 19:00:00,71075.0,71078.73,70450.0,70479.49,1416.32041,9118755287.827557,130743.44930999997,69745.4085535596,1,898.5982466565121,0.0014744045580332267,1002.5135279603693
2024-06-06 20:00:00,70479.49,70742.49,70117.64,70720.01,1649.2742,9235073176.539019,132392.72350999998,69755.14160973861,1,898.5982466565121,0.0014744045580332267,1002.8681517446674
2024-06-06 21:00:00,70720.01,70859.81,70667.0,70740.51,409.43665,9264043183.340778,132802.16015999997,69758.22661453296,1,898.5982466565121,0.0014744045580332267,1002.8983770381071
2024-06-06 22:00:00,70740.51,70920.76,70664.0,70901.01,656.5042,9310542450.155857,133458.66435999997,69763.4919006907,1,898.5982466565121,0.0014744045580332267,1003.1350189696715
2024-06-06 23:00:00,70901.01,70958.89,70748.8,70799.06,603.66646,9353303515.988726,134062.33081999997,69768.3193987357,1,898.5982466565121,0.0014744045580332267,1002.9847034249799
2024-06-07 00:00:00,70799.06,70883.6,70740.0,70883.05,403.79489,9381906549.109066,134466.12570999996,69771.52423758242,1,898.5982466565121,0.0014744045580332267,1003.1085386638092
2024-06-07 01:00:00,70883.05,70900.0,70670.48,70840.01,493.06368,9416817181.7324,134959.18938999996,69775.29447453955,1,898.5982466565121,0.0014744045580332267,1003.0450802916314
2024-06-07 02:00:00,70840.0,70872.06,70663.59,70824.08,469.58357,9450057395.111612,135428.77295999994,69778.80097830296,1,898.5982466565121,0.0014744045580332267,1003.0215930270219
2024-06-07 03:00:00,70824.09,71015.2,70741.2,70989.68,456.07768,9482400307.976778,135884.85063999993,69782.61567287236,1,898.5982466565121,0.0014744045580332267,1003.2657544218323
2024-06-07 04:00:00,70989.69,71274.7,70989.68,71226.52,1041.73348,9556533847.378555,136926.58411999993,69793.12241517239,1,898.5982466565121,0.0014744045580332267,1003.6149523973569
2024-06-07 05:00:00,71226.52,71449.98,71170.0,71290.6,1688.26465,9676913070.87022,138614.84876999992,69811.51843931868,1,898.5982466565121,0.0014744045580332267,1003.7094322414356
2024-06-07 06:00:00,71290.6,71353.06,71162.38,71265.7,589.45023,9718917518.251108,139204.2989999999,69817.65353562187,1,898.5982466565121,0.0014744045580332267,1003.6727195679406
2024-06-07 07:00:00,71265.7,71310.8,71068.16,71110.0,854.07909,9779696337.145058,140058.37808999993,69825.857406836,1,898.5982466565121,0.0014744045580332267,1003.4431547782548
2024-06-07 08:00:00,71110.01,71192.4,71048.12,71117.2,754.25811,9833338600.692095,140812.63619999992,69832.78536682989,1,898.5982466565121,0.0014744045580332267,1003.4537704910726
2024-06-07 09:00:00,71117.2,71307.28,71060.5,71302.07,605.73366,9876480940.782812,141418.36985999992,69838.74125094386,1,898.5982466565121,0.0014744045580332267,1003.7263436617163
2024-06-07 10:00:00,71302.06,71434.86,71202.4,71377.38,577.69729,9917692833.298922,141996.06714999993,69844.84170834253,1,898.5982466565121,0.0014744045580332267,1003.8373810689817
2024-06-07 11:00:00,71377.37,71700.0,71303.4,71699.99,1238.41758,10006323650.852787,143234.48472999994,69859.73852396593,1,898.5982466565121,0.0014744045580332267,1004.3130387234488
2024-06-07 12:00:00,71700.0,71997.02,70633.21,71234.09,5660.13497,10409823956.341877,148894.61969999995,69914.03703717496,1,898.5982466565121,0.0014744045580332267,1003.6261136398612
2024-06-07 13:00:00,71234.09,71655.04,71056.7,71534.6,1555.22338,10520890928.691021,150449.84307999996,69929.55734155641,1,898.5982466565121,0.0014744045580332267,1004.0691869535957
2024-06-07 14:00:00,71534.6,71544.06,71170.58,71430.94,991.06966,10591635324.411388,151440.91273999997,69939.0615968853,1,898.5982466565121,0.0014744045580332267,1003.91635017711
2024-06-07 15:00:00,71430.93,71430.93,70850.0,71111.54,1650.05125,10709004828.366085,153090.96398999996,69951.90669166867,1,898.5982466565121,0.0014744045580332267,1003.4454253612741
2024-06-07 16:00:00,71111.55,71208.89,70779.0,70873.47,1125.96101,10788896025.66461,154216.92499999996,69959.22156835,1,898.5982466565121,0.0014744045580332267,1003.0944138681432
2024-06-07 17:00:00,70873.48,70873.48,69800.37,69803.59,2585.76468,10970311069.094215,156802.68967999995,69962.51844583932,-1,1001.5169779195946,0.0,1001.5169779195946
2024-06-07 18:00:00,69803.59,69887.99,68420.0,69154.43,8271.3392,11542308418.118504,165074.02887999994,69922.01315028877,-1,1001.5169779195946,0.0,1001.5169779195946
2024-06-07 19:00:00,69154.44,69448.0,68800.0,69255.0,1934.14143,11676088467.834934,167008.17030999993,69913.2769741853,-1,1001.5169779195946,0.0,1001.5169779195946
2024-06-07 20:00:00,69255.01,69318.3,68978.52,69307.99,1132.53115,11754461439.239878,168140.70145999992,69908.48341403062,-1,1001.5169779195946,0.0,1001.5169779195946
2024-06-07 21:00:00,69308.0,69377.85,69203.08,69250.01,496.62495,11788866115.968529,168637.32640999992,69906.62368132437,-1,1001.5169779195946,0.0,1001.5169779195946
2024-06-07 22:00:00,69250.01,69585.96,69184.0,69499.0,583.30376,11829360805.121626,169220.63016999993,69904.95658382661,-1,1001.5169779195946,0.0,1001.5169779195946
2024-06-07 23:00:00,69499.0,69499.0,69323.54,69355.6,440.1511,11859904084.227278,169660.78126999992,69903.62767075382,-1,1001.5169779195946,0.0,1001.5169779195946
2024-06-08 00:00:00,69355.6,69482.75,69296.41,69401.5,575.16895,11899817101.43478,170235.9502199999,69901.90430432801,-1,1001.5169779195946,0.0,1001.5169779195946
2024-06-08 01:00:00,69401.5,69475.04,69287.28,69465.25,531.15697,11936684276.485334,170767.10718999992,69900.37175721592,-1,1001.5169779195946,0.0,1001.5169779195946
2024-06-08 02:00:00,69465.24,69465.25,69387.6,69422.11,300.25806,11957529688.297394,171067.36524999992,69899.53735958063,-1,1001.5169779195946,0.0,1001.5169779195946
2024-06-08 03:00:00,69422.11,69525.0,69411.3,69432.0,385.05909,11984274390.958344,171452.4243399999,69898.54145889968,-1,1001.5169779195946,0.0,1001.5169779195946
2024-06-08 04:00:00,69432.0,69466.92,69277.96,69316.73,426.11437,12013827071.580456,171878.5387099999,69897.19113129446,-1,1001.5169779195946,0.0,1001.5169779195946
2024-06-08 05:00:00,69316.74,69342.79,69232.15,69319.99,353.35561,12038314018.182474,172231.8943199999,69895.96245057709,-1,1001.5169779195946,0.0,1001.5169779195946
2024-06-08 06:00:00,69320.0,69414.89,69296.26,69333.45,401.708,12066171744.908073,172633.60231999992,69894.68784033007,-1,1001.5169779195946,0.0,1001.5169779195946
2024-06-08 07:00:00,69333.44,69582.2,69333.44,69582.2,540.15299,12103711988.802921,173173.75530999992,69893.4545083691,-1,1001.5169779195946,0.0,1001.5169779195946
2024-06-08 08:00:00,69582.2,69582.2,69381.81,69436.42,364.24008,12129014585.234667,173537.9953899999,69892.55902130583,-1,1001.5169779195946,0.0,1001.5169779195946
2024-06-08 09:00:00,69436.43,69495.99,69382.8,69443.24,329.88546,12151922054.79956,173867.8808499999,69891.70164950319,-1,1001.5169779195946,0.0,1001.5169779195946
2024-06-08 10:00:00,69443.25,69495.98,69360.01,69453.4,384.75747,12178638252.757442,174252.6383199999,69890.69646332944,-1,1001.5169779195946,0.0,1001.5169779195946
2024-06-08 11:00:00,69453.39,69515.0,69318.19,69365.93,547.11072,12216607576.239632,174799.7490399999,69889.15970036131,-1,1001.5169779195946,0.0,1001.5169779195946
2024-06-08 12:00:00,69365.94,69430.0,69265.0,69360.22,436.61346,12246887479.398052,175236.3624999999,69887.82068218324,-1,1001.5169779195946,0.0,1001.5169779195946
2024-06-08 13:00:00,69360.22,69430.01,69168.02,69430.0,801.65896,12302476657.45827,176038.0214599999,69885.33815266544,-1,1001.5169779195946,0.0,1001.5169779195946
2024-06-08 14:00:00,69430.01,69462.25,69309.82,69461.69,538.86257,12339879783.816391,176576.8840299999,69883.89138025497,-1,1001.5169779195946,0.0,1001.5169779195946
2024-06-08 15:00:00,69461.68,69491.36,69421.17,69430.01,341.4374,12363591762.205389,176918.3214299999,69883.04920752489,-1,1001.5169779195946,0.0,1001.5169779195946
2024-06-08 16:00:00,69430.01,69470.16,69292.22,69387.15,570.23186,12403156260.088732,177488.5532899999,69881.4432264999,-1,1001.5169779195946,0.0,1001.5169779195946
2024-06-08 17:00:00,69387.16,69470.0,69336.01,69439.99,489.14706,12437110566.307652,177977.70034999988,69880.16218801346,-1,1001.5169779195946,0.0,1001.5169779195946
2024-06-08 18:00:00,69440.0,69480.0,69427.98,69454.89,269.32881,12455816607.582747,178247.0291599999,69879.5187009935,-1,1001.5169779195946,0.0,1001.5169779195946
2024-06-08 19:00:00,69454.88,69490.0,69427.88,69460.01,249.35631,12473136721.494741,178496.3854699999,69878.93165820502,-1,1001.5169779195946,0.0,1001.5169779195946
2024-06-08 20:00:00,69460.0,69475.18,69313.31,69372.73,304.03471,12494232800.21339,178800.4201799999,69878.09529549953,-1,1001.5169779195946,0.0,1001.5169779195946
2024-06-08 21:00:00,69372.74,69424.47,69327.04,69404.91,179.28795,12506672779.487103,178979.7081299999,69877.60182513551,-1,1001.5169779195946,0.0,1001.5169779195946
2024-06-08 22:00:00,69404.9,69404.91,69290.28,69338.15,201.17805,12520623360.045832,179180.88617999988,69877.00321711758,-1,1001.5169779195946,0.0,1001.5169779195946
2024-06-08 23:00:00,69338.15,69340.0,69292.99,69310.46,253.72476,12538210160.694105,179434.6109399999,69876.20780077197,-1,1001.5169779195946,0.0,1001.5169779195946
2024-06-09 00:00:00,69310.46,69327.99,69225.84,69268.7,279.12784,12557546511.99485,179713.7387799999,69875.27273787018,-1,1001.5169779195946,0.0,1001.5169779195946
2024-06-09 01:00:00,69268.7,69346.9,69230.0,69285.0,207.30721,12571910268.846283,179921.0459899999,69874.59526855483,-1,1001.5169779195946,0.0,1001.5169779195946
2024-06-09 02:00:00,69285.01,69298.0,69139.93,69174.93,386.92647,12598687239.195084,180307.9724599999,69873.15683997289,-1,1001.5169779195946,0.0,1001.5169779195946
2024-06-09 03:00:00,69174.92,69298.0,69130.24,69259.38,311.25819,12620235396.757286,180619.2306499999,69872.047131086,-1,1001.5169779195946,0.0,1001.5169779195946
2024-06-09 04:00:00,69259.38,69306.22,69244.64,69304.44,215.2078,12635146090.701067,180834.4384499999,69871.3486159034,-1,1001.5169779195946,0.0,1001.5169779195946
2024-06-09 05:00:00,69304.44,69360.4,69234.73,69293.47,201.54054,12649112084.269014,181035.9789899999,69870.70832460176,-1,1001.5169779195946,0.0,1001.5169779195946
2024-06-09 06:00:00,69293.48,69400.0,69276.95,69391.01,246.31461,12666195477.07598,181282.2935999999,69870.0089542335,-1,1001.5169779195946,0.0,1001.5169779195946
2024-06-09 07:00:00,69391.02,69425.7,69273.47,69295.64,368.4744,12691742398.015266,181650.7679999999,69868.91681082941,-1,1001.5169779195946,0.0,1001.5169779195946
2024-06-09 08:00:00,69295.64,69356.0,69283.45,69352.15,210.63135,12706345581.847486,181861.3993499999,69868.29325663326,-1,1001.5169779195946,0.0,1001.5169779195946
2024-06-09 09:00:00,69352.15,69397.19,69341.95,69369.98,195.9235,12719936737.571592,182057.3228499999,69867.75669579499,-1,1001.5169779195946,0.0,1001.5169779195946
2024-06-09 10:00:00,69369.99,69373.24,69333.07,69346.49,236.87264,12736364076.236723,182294.1954899999,69867.08513675851,-1,1001.5169779195946,0.0,1001.5169779195946
2024-06-09 11:00:00,69346.5,69389.0,69333.0,69367.69,225.66556,12752016968.378082,182519.8610499999,69866.46217577804,-1,1001.5169779195946,0.0,1001.5169779195946
2024-06-09 12:00:00,69367.68,69760.0,69351.11,69712.95,864.72707,12812208907.561184,183384.58811999988,69865.24352404883,-1,1001.5169779195946,0.0,1001.5169779195946
2024-06-09 13:00:00,69712.96,69777.0,69250.01,69467.03,1517.18414,12917650191.152025,184901.77225999988,69862.2302710428,-1,1001.5169779195946,0.0,1001.5169779195946
2024-06-09 14:00:00,69467.04,69559.0,69264.01,69490.12,679.92624,12964862712.226536,185581.69849999988,69860.67493194403,-1,1001.5169779195946,0.0,1001.5169779195946
2024-06-09 15:00:00,69490.13,69590.37,69420.42,69508.64,716.46617,13014661751.354097,186298.16466999988,69859.31275494678,-1,1001.5169779195946,0.0,1001.5169779195946
2024-06-09 16:00:00,69508.64,69636.98,69500.0,69622.88,386.18326,13041534939.118078,186684.34792999987,69858.74865100207,-1,1001.5169779195946,0.0,1001.5169779195946
2024-06-09 17:00:00,69622.88,69698.48,69570.0,69660.51,281.76588,13061157959.3597,186966.11380999986,69858.42350359172,-1,1001.5169779195946,0.0,1001.5169779195946
2024-06-09 18:00:00,69660.52,69848.32,69611.26,69738.1,755.07201,13113811063.601345,187721.18581999987,69857.91724209423,-1,1001.5169779195946,0.0,1001.5169779195946
2024-06-09 19:00:00,69738.09,69857.14,69660.03,69710.26,559.04291,13152800100.707685,188280.22872999986,69857.5744751683,-1,1001.5169779195946,0.0,1001.5169779195946
2024-06-09 20:00:00,69710.26,69730.81,69590.33,69686.85,315.37374,13174771977.87308,188595.60246999987,69857.25968859113,-1,1001.5169779195946,0.0,1001.5169779195946
2024-06-09 21:00:00,69686.86,69821.53,69610.0,69749.96,275.10337,13193954155.48662,188870.70583999986,69857.07019416637,-1,1001.5169779195946,0.0,1001.5169779195946
2024-06-09 22:00:00,69749.95,69787.13,69621.2,69634.35,283.03816,13213676507.322844,189153.74399999986,69856.80657382522,-1,1001.5169779195946,0.0,1001.5169779195946
2024-06-09 23:00:00,69634.36,69684.93,69596.01,69648.14,171.43403,13225615692.045708,189325.17802999986,69856.6129960275,-1,1001.5169779195946,0.0,1001.5169779195946
2024-06-10 00:00:00,69648.15,69655.11,69426.0,69559.99,450.64669,13256956832.416695,189775.82471999986,69855.8778599769,-1,1001.5169779195946,0.0,1001.5169779195946
2024-06-10 01:00:00,69559.99,69686.42,69516.0,69625.52,475.14533,13290031372.571535,190250.97004999986,69855.26207345372,-1,1001.5169779195946,0.0,1001.5169779195946
2024-06-10 02:00:00,69625.52,69801.34,69608.4,69716.0,723.3512,13340455157.56483,190974.32124999986,69854.70648748196,-1,1001.5169779195946,0.0,1001.5169779195946
2024-06-10 03:00:00,69716.01,69767.41,69574.8,69613.2,336.95189,13363924464.339907,191311.27313999986,69854.34911909403,-1,1001.5169779195946,0.0,1001.5169779195946
2024-06-10 04:00:00,69613.2,69677.5,69530.95,69674.33,286.62824,13383881698.872477,191597.90137999985,69854.00989506645,-1,1001.5169779195946,0.0,1001.5169779195946
2024-06-10 05:00:00,69674.33,69674.33,69530.0,69580.48,338.77292,13407458578.784258,191936.67429999984,69853.55262448803,-1,1001.5169779195946,0.0,1001.5169779195946
2024-06-10 06:00:00,69580.47,69618.76,69301.0,69429.87,802.10432,13463164624.88206,192738.77861999985,69851.8726811369,-1,1001.5169779195946,0.0,1001.5169779195946
2024-06-10 07:00:00,69429.87,69500.0,69249.99,69303.99,684.35492,13510625546.494919,193423.13353999986,69850.10168755706,-1,1001.5169779195946,0.0,1001.5169779195946
2024-06-10 08:00:00,69304.0,69494.99,69279.35,69387.5,544.63785,13548416485.491467,193967.77138999986,69848.802140694,-1,1001.5169779195946,0.0,1001.5169779195946
2024-06-10 09:00:00,69387.5,69474.39,69172.29,69449.99,762.57186,13601312707.058702,194730.34324999986,69846.9097319722,-1,1001.5169779195946,0.0,1001.5169779195946
2024-06-10 10:00:00,69450.0,69470.93,69357.38,69439.99,440.02591,13631860523.13592,195170.36915999986,69845.95347032713,-1,1001.5169779195946,0.0,1001.5169779195946
2024-06-10 11:00:00,69439.99,69550.0,69337.02,69473.89,470.06175,13664508021.131317,195640.43090999985,69845.01085778828,-1,1001.5169779195946,0.0,1001.5169779195946
2024-06-10 12:00:00,69473.89,69520.01,69331.55,69363.99,455.61451,13696130029.727194,196096.04541999986,69843.9889513974,-1,1001.5169779195946,0.0,1001.5169779195946
2024-06-10 13:00:00,69364.0,69512.9,69201.59,69408.21,839.30304,13754356034.66153,196935.34845999986,69841.98693742997,-1,1001.5169779195946,0.0,1001.5169779195946
2024-06-10 14:00:00,69408.21,69662.1,69300.01,69662.09,818.84462,13811299635.918798,197754.19307999985,69840.74229127243,-1,1001.5169779195946,0.0,1001.5169779195946
2024-06-10 15:00:00,69662.1,70195.94,69612.26,70066.12,2090.82351,13957569690.052553,199845.01658999984,69841.97018376381,1,901.5169779195946,0.001427223314206638,1001.5169779195946
2024-06-10 16:00:00,70066.12,70105.82,69722.0,69972.17,1157.81759,14038539729.653828,201002.83417999983,69842.49643506116,1,901.5169779195946,0.001427223314206638,1001.3828902892249
2024-06-10 17:00:00,69972.18,70060.0,69761.89,70043.0,591.25585,14079901010.961197,201594.09002999982,69842.82628953023,1,901.5169779195946,0.001427223314206638,1001.4839805165702
2024-06-10 18:00:00,70043.01,70141.1,69737.56,69860.01,1199.79773,14163782337.680937,202793.8877599998,69843.24081031144,1,901.5169779195946,0.001427223314206638,1001.2228129223035
2024-06-10 19:00:00,69860.01,69860.01,69386.81,69490.8,1347.29029,14257525727.20884,204141.1780499998,69841.49823861984,-1,1000.6958678024653,0.0,1000.6958678024653
2024-06-10 20:00:00,69490.81,69700.51,69334.46,69632.51,1256.69999,14344936533.88528,205397.8780399998,69839.75039455717,-1,1000.6958678024653,0.0,1000.6958678024653
2024-06-10 21:00:00,69632.51,69694.68,69530.0,69585.48,333.26051,14368132594.02354,205731.1385499998,69839.36751281618,-1,1000.6958678024653,0.0,1000.6958678024653
2024-06-10 22:00:00,69585.49,69592.0,69424.28,69495.99,371.95973,14393985316.573835,206103.0982799998,69838.76242859288,-1,1000.6958678024653,0.0,1000.6958678024653
2024-06-10 23:00:00,69495.99,69563.38,69400.01,69540.0,344.74916,14417945772.760386,206447.8474399998,69838.19861309376,-1,1000.6958678024653,0.0,1000.6958678024653
2024-06-11 00:00:00,69540.0,69590.01,69400.0,69410.85,441.01662,14448581853.72115,206888.86405999982,69837.40724455289,-1,1000.6958678024653,0.0,1000.6958678024653
2024-06-11 01:00:00,69410.86,69523.71,68500.0,68724.01,2101.67951,14593421002.675554,208990.5435699998,69828.14032342855,-1,1000.6958678024653,0.0,1000.6958678024653
2024-06-11 02:00:00,68724.0,68922.29,67900.0,68268.62,4237.94052,14883142028.59978,213228.4840899998,69799.03314567429,-1,1000.6958678024653,0.0,1000.6958678024653
2024-06-11 03:00:00,68268.62,68488.0,68170.0,68464.0,1288.03235,14971209952.498678,214516.5164399998,69790.47674721177,-1,1000.6958678024653,0.0,1000.6958678024653
2024-06-11 04:00:00,68464.0,68464.0,67617.0,68024.04,3130.15278,15184169938.62135,217646.6692199998,69765.23000805959,-1,1000.6958678024653,0.0,1000.6958678024653
2024-06-11 05:00:00,68024.03,68056.28,67657.03,67903.57,1529.1594,15287957493.971573,219175.8286199998,69752.02325105546,-1,1000.6958678024653,0.0,1000.6958678024653
2024-06-11 06:00:00,67903.58,67974.49,67325.0,67692.0,1795.62101,15409456088.73664,220971.4496299998,69735.05452644956,-1,1000.6958678024653,0.0,1000.6958678024653
2024-06-11 07:00:00,67691.99,67844.76,67526.95,67570.18,1342.86514,15500297285.245546,222314.31476999982,69722.44365497436,-1,1000.6958678024653,0.0,1000.6958678024653
2024-06-11 08:00:00,67570.18,67641.03,67284.38,67516.74,1502.84818,15601710557.473143,223817.16294999982,69707.39130027541,-1,1000.6958678024653,0.0,1000.6958678024653
2024-06-11 09:00:00,67516.75,67662.49,66900.0,67084.34,2014.92142,15737144729.820509,225832.08436999982,69685.15910271196,-1,1000.6958678024653,0.0,1000.6958678024653
2024-06-11 10:00:00,67084.33,67303.46,66732.0,66961.99,2002.2537,15871294025.804865,227834.33806999982,69661.55391786715,-1,1000.6958678024653,0.0,1000.6958678024653
2024-06-11 11:00:00,66961.99,67123.13,66762.58,66890.01,1762.47556,15989248125.651999,229596.81362999982,69640.54889463325,-1,1000.6958678024653,0.0,1000.6958678024653
2024-06-11 12:00:00,66890.0,67194.31,66790.8,67019.99,1589.99015,16095780168.685253,231186.8037799998,69622.40017817882,-1,1000.6958678024653,0.0,1000.6958678024653
2024-06-11 13:00:00,67020.0,67278.88,66568.35,66812.0,2543.43037,16265901095.219524,233730.2341499998,69592.62739103168,-1,1000.6958678024653,0.0,1000.6958678024653
2024-06-11 14:00:00,66812.01,67103.42,66776.81,66851.26,1417.57274,16360751591.314053,235147.8068899998,69576.45834633481,-1,1000.6958678024653,0.0,1000.6958678024653
2024-06-11 15:00:00,66851.27,67076.0,66051.0,66244.48,3798.63037,16613197777.594002,238946.4372599998,69526.86957000756,-1,1000.6958678024653,0.0,1000.6958678024653
2024-06-11 16:00:00,66244.48,66738.78,66161.26,66487.47,1997.24793,16745939874.79912,240943.68518999981,69501.46820238867,-1,1000.6958678024653,0.0,1000.6958678024653
2024-06-11 17:00:00,66487.48,66805.98,66175.0,66770.99,1527.13797,16847622814.122221,242470.82315999983,69483.09324212975,-1,1000.6958678024653,0.0,1000.6958678024653
2024-06-11 18:00:00,66771.0,67229.93,66652.39,67117.3,1607.24429,16955307977.967945,244078.06744999983,69466.74133857313,-1,1000.6958678024653,0.0,1000.6958678024653
2024-06-11 19:00:00,67117.31,67586.64,67070.51,67407.01,1419.52041,17050919377.717781,245497.58785999983,69454.52917216207,-1,1000.6958678024653,0.0,1000.6958678024653
2024-06-11 20:00:00,67407.02,67500.0,67173.92,67290.07,840.01284,17107470159.323658,246337.60069999984,69447.25494894238,-1,1000.6958678024653,0.0,1000.6958678024653
2024-06-11 21:00:00,67290.07,67396.62,67202.26,67396.61,414.56314,17135383454.190405,246752.16383999985,69443.70086781248,-1,1000.6958678024653,0.0,1000.6958678024653
2024-06-11 22:00:00,67396.61,67572.54,67311.42,67360.22,500.47608,17169122912.326809,247252.63991999984,69439.59392256434,-1,1000.6958678024653,0.0,1000.6958678024653
2024-06-11 23:00:00,67360.22,67588.22,67309.91,67314.24,631.2234,17211669972.231297,247883.86331999983,69434.41070229044,-1,1000.6958678024653,0.0,1000.6958678024653
2024-06-12 00:00:00,67314.23,67436.53,67183.47,67199.99,565.54988,17249716395.94,248449.41319999984,69429.49139531319,-1,1000.6958678024653,0.0,1000.6958678024653
2024-06-12 01:00:00,67199.99,67240.0,66905.0,67180.01,889.30788,17309396368.551357,249338.72107999984,69421.21261221064,-1,1000.6958678024653,0.0,1000.6958678024653
2024-06-12 02:00:00,67180.0,67596.15,67128.08,67415.25,877.47097,17368520210.41499,250216.19204999984,69414.05377532201,-1,1000.6958678024653,0.0,1000.6958678024653
2024-06-12 03:00:00,67415.26,67496.25,67317.77,67407.0,589.92467,17408285266.57851,250806.11671999985,69409.33297098624,-1,1000.6958678024653,0.0,1000.6958678024653
2024-06-12 04:00:00,67407.01,67624.89,67350.01,67481.59,973.22406,17473963775.63556,251779.34077999985,69401.8966032006,-1,1000.6958678024653,0.0,1000.6958678024653
2024-06-12 05:00:00,67481.6,67505.13,67195.97,67243.21,577.77673,17512856683.326862,252357.11750999987,69397.11808458464,-1,1000.6958678024653,0.0,1000.6958678024653
2024-06-12 06:00:00,67243.21,67382.81,67243.2,67281.64,520.52806,17547889549.111416,252877.64556999988,69392.80658659062,-1,1000.6958678024653,0.0,1000.6958678024653
2024-06-12 07:00:00,67281.63,67500.01,67229.78,67453.63,640.98918,17591088677.30988,253518.63474999988,69387.7540586191,-1,1000.6958678024653,0.0,1000.6958678024653
2024-06-12 08:00:00,67453.64,67532.64,67376.1,67393.46,530.28455,17626847921.00688,254048.9192999999,69383.67606355289,-1,1000.6958678024653,0.0,1000.6958678024653
2024-06-12 09:00:00,67393.47,67804.0,67353.02,67753.32,905.14024,17688068692.28891,254954.0595399999,69377.47421712977,-1,1000.6958678024653,0.0,1000.6958678024653
2024-06-12 10:00:00,67753.33,68059.01,67753.32,67991.98,1156.6136,17766642971.18378,256110.6731399999,69370.95886461496,-1,1000.6958678024653,0.0,1000.6958678024653
2024-06-12 11:00:00,67991.99,68015.4,67716.22,67778.43,766.68201,17818652135.913513,256877.3551499999,69366.3796308887,-1,1000.6958678024653,0.0,1000.6958678024653
2024-06-12 12:00:00,67778.43,69488.0,67736.0,69339.29,5379.40042,18189047685.574375,262256.7555699999,69355.87853987415,-1,1000.6958678024653,0.0,1000.6958678024653
2024-06-12 13:00:00,69339.29,69649.8,69084.0,69320.0,2735.10239,18378730500.7839,264991.85795999994,69355.83093861751,-1,1000.6958678024653,0.0,1000.6958678024653
2024-06-12 14:00:00,69320.01,69980.0,69300.01,69960.57,2435.37218,18548590063.270256,267427.23013999994,69359.39191218466,1,900.6958678024653,0.0014293765759770109,1000.6958678024653
2024-06-12 15:00:00,69960.56,69999.0,69539.54,69734.0,1853.76085,18677903810.48094,269280.99098999996,69362.13262515275,1,900.6958678024653,0.0014293765759770109,1000.3720139516462
2024-06-12 16:00:00,69734.0,69786.46,69289.5,69616.0,1321.98201,18769866149.398155,270602.97299999994,69363.11874665973,1,900.6958678024653,0.0014293765759770109,1000.2033475156809
2024-06-12 17:00:00,69616.01,69862.4,69492.0,69799.99,1193.83082,18853097801.70492,271796.8038199999,69364.67808573117,1,900.6958678024653,0.0014293765759770109,1000.4663385118948
2024-06-12 18:00:00,69800.0,69808.47,68575.0,68828.01,4588.76503,19170046066.11777,276385.5688499999,69359.793805015,-1,999.0770130675767,0.0,999.0770130675767
2024-06-12 19:00:00,68828.0,69226.14,67250.0,67532.92,4783.44414,19495334713.639072,281169.0129899999,69336.71141895159,-1,999.0770130675767,0.0,999.0770130675767
2024-06-12 20:00:00,67532.92,68312.0,67413.51,68103.97,1909.74876,19625089079.199554,283078.7617499999,69327.31003158545,-1,999.0770130675767,0.0,999.0770130675767
2024-06-12 21:00:00,68103.96,68667.44,68097.91,68536.0,963.6066,19691032324.482525,284042.3683499999,69324.27876470539,-1,999.0770130675767,0.0,999.0770130675767
2024-06-12 22:00:00,68536.0,68539.99,68270.92,68345.82,591.22825,19731463809.3004,284633.5965999999,69322.3289344488,-1,999.0770130675767,0.0,999.0770130675767
2024-06-12 23:00:00,68345.81,68347.0,68124.0,68263.99,425.59028,19760508216.540367,285059.1868799999,69320.72048903606,-1,999.0770130675767,0.0,999.0770130675767
2024-06-13 00:00:00,68263.98,68393.63,68005.85,68330.02,653.24483,19805087712.348194,285712.43170999986,69318.25680042687,-1,999.0770130675767,0.0,999.0770130675767
2024-06-13 01:00:00,68330.02,68363.35,67910.0,67979.63,644.57501,19848973167.890205,286357.00671999983,69315.47928666034,-1,999.0770130675767,0.0,999.0770130675767
2024-06-13 02:00:00,67979.63,68177.0,67690.95,67734.81,1421.54407,19945449933.261417,287778.55078999983,69308.32710953562,-1,999.0770130675767,0.0,999.0770130675767
2024-06-13 03:00:00,67734.8,67850.08,66969.98,67474.94,2449.28588,20110609362.29295,290227.8366699998,69292.48962827602,-1,999.0770130675767,0.0,999.0770130675767
2024-06-13 04:00:00,67474.95,67729.41,67328.0,67328.01,1050.04279,20181447145.983658,291277.8794599998,69285.89010397237,-1,999.0770130675767,0.0,999.0770130675767
2024-06-13 05:00:00,67328.01,67680.0,67328.01,67604.04,641.7077,20224786383.516254,291919.5871599998,69282.04640283744,-1,999.0770130675767,0.0,999.0770130675767
2024-06-13 06:00:00,67604.04,67614.55,67300.3,67518.57,618.73732,20266537420.772667,292538.32447999984,69278.23032006955,-1,999.0770130675767,0.0,999.0770130675767
2024-06-13 07:00:00,67518.58,67724.81,67399.99,67724.81,653.27078,20310709328.4218,293191.59525999986,69274.52784043974,-1,999.0770130675767,0.0,999.0770130675767
2024-06-13 08:00:00,67724.8,67752.06,67508.0,67565.56,609.72584,20351932002.264473,293801.3210999999,69271.0704161108,-1,999.0770130675767,0.0,999.0770130675767
2024-06-13 09:00:00,67565.57,67569.67,67168.0,67419.86,1062.57603,20423534584.15181,294863.8971299999,69264.27678308634,-1,999.0770130675767,0.0,999.0770130675767
2024-06-13 10:00:00,67419.86,67971.2,67230.94,67820.4,1099.80601,20497963054.037632,295963.7031399999,69258.367957173,-1,999.0770130675767,0.0,999.0770130675767
2024-06-13 11:00:00,67820.4,67961.07,67648.49,67739.99,990.11181,20565075984.37536,296953.81494999985,69253.44935487036,-1,999.0770130675767,0.0,999.0770130675767
2024-06-13 12:00:00,67740.0,68449.3,67439.43,67749.54,2656.79802,20745417901.8861,299610.61296999984,69241.26517495343,-1,999.0770130675767,0.0,999.0770130675767
2024-06-13 13:00:00,67749.54,68272.0,67521.55,67589.99,1896.88356,20874016199.686302,301507.49652999983,69232.16317976144,-1,999.0770130675767,0.0,999.0770130675767
2024-06-13 14:00:00,67590.0,67739.28,67150.0,67365.62,2241.2768,21025119271.371742,303748.7733299998,69218.77919332223,-1,999.0770130675767,0.0,999.0770130675767
2024-06-13 15:00:00,67365.62,67537.87,66368.76,66470.01,3376.95479,21250673556.122444,307125.7281199998,69192.09825306268,-1,999.0770130675767,0.0,999.0770130675767
2024-06-13 16:00:00,66470.01,67019.42,66251.78,66976.0,2330.72822,21406247489.461105,309456.4563399998,69173.69811131703,-1,999.0770130675767,0.0,999.0770130675767
2024-06-13 17:00:00,66976.01,67080.13,66639.47,66920.0,1129.90298,21481815250.109776,310586.3593199998,69165.35322781795,-1,999.0770130675767,0.0,999.0770130675767
2024-06-13 18:00:00,66919.99,66976.87,66693.43,66862.99,808.59044,21535865017.175026,311394.9497599998,69159.32655225552,-1,999.0770130675767,0.0,999.0770130675767
2024-06-13 19:00:00,66862.99,66884.0,66588.83,66604.01,822.61164,21590726863.001163,312217.56139999983,69152.82652963919,-1,999.0770130675767,0.0,999.0770130675767
2024-06-13 20:00:00,66604.01,66810.48,66530.84,66712.98,599.29078,21630690428.830948,312816.8521799998,69148.0982501042,-1,999.0770130675767,0.0,999.0770130675767
2024-06-13 21:00:00,66712.97,66969.99,66680.14,66969.99,532.99338,21666333494.115883,313349.8455599998,69144.22904978659,-1,999.0770130675767,0.0,999.0770130675767
2024-06-13 22:00:00,66969.99,66980.0,66840.07,66896.0,416.84137,21694222414.649155,313766.6869299998,69141.25469122558,-1,999.0770130675767,0.0,999.0770130675767
2024-06-13 23:00:00,66895.99,66909.26,66681.4,66773.01,372.05566,21719071227.143112,314138.7425899998,69138.46744299826,-1,999.0770130675767,0.0,999.0770130675767
2024-06-14 00:00:00,66773.01,66897.96,66604.6,66727.73,762.28668,21769948854.809624,314901.0292699998,69132.66973206306,-1,999.0770130675767,0.0,999.0770130675767
2024-06-14 01:00:00,66727.73,66833.1,66480.0,66806.17,665.04544,21814311657.466167,315566.07470999984,69127.55649514344,-1,999.0770130675767,0.0,999.0770130675767
2024-06-14 02:00:00,66806.17,67027.32,66713.5,66952.0,732.09671,21863287175.213707,316298.17141999985,69122.39510288635,-1,999.0770130675767,0.0,999.0770130675767
2024-06-14 03:00:00,66952.01,66982.98,66676.28,66744.0,545.50916,21899727779.88833,316843.68057999987,69118.3985105831,-1,999.0770130675767,0.0,999.0770130675767
2024-06-14 04:00:00,66744.0,66833.33,66717.0,66717.39,359.54742,21923729693.90009,317203.2279999999,69115.72064424293,-1,999.0770130675767,0.0,999.0770130675767
2024-06-14 05:00:00,66717.38,67221.32,66707.76,67052.49,894.3083,21983642855.9661,318097.53629999986,69109.75517657949,-1,999.0770130675767,0.0,999.0770130675767
2024-06-14 06:00:00,67052.5,67124.29,66876.0,66962.41,731.33334,22032633096.834904,318828.8696399999,69104.8872760885,-1,999.0770130675767,0.0,999.0770130675767
2024-06-14 07:00:00,66962.4,67110.1,66885.68,66904.98,957.85519,22096777708.715218,319786.72482999985,69098.48343598994,-1,999.0770130675767,0.0,999.0770130675767
2024-06-14 08:00:00,66904.98,67256.32,66863.46,67152.04,1185.19372,22176293074.40754,320971.9185499998,69091.06932029943,-1,999.0770130675767,0.0,999.0770130675767
2024-06-14 09:00:00,67152.04,67152.04,66899.39,66920.01,824.75726,22231543959.138424,321796.6758099998,69085.68555961316,-1,999.0770130675767,0.0,999.0770130675767
2024-06-14 10:00:00,66920.01,67015.92,66836.54,66873.14,620.47859,22273059271.56006,322417.1543999998,69081.49571944759,-1,999.0770130675767,0.0,999.0770130675767
2024-06-14 11:00:00,66873.15,67101.0,66746.4,67036.0,753.50403,22323514755.380093,323170.65842999984,69076.55188695127,-1,999.0770130675767,0.0,999.0770130675767
2024-06-14 12:00:00,67035.99,67288.0,66960.58,67083.3,927.69147,22385772711.285114,324098.34989999986,69070.92466898463,-1,999.0770130675767,0.0,999.0770130675767
2024-06-14 13:00:00,67083.31,67370.24,66950.0,67070.5,1248.80917,22469605578.90681,325347.1590699999,69063.4755906148,-1,999.0770130675767,0.0,999.0770130675767
2024-06-14 14:00:00,67070.49,67115.25,66561.3,66982.98,1941.14189,22599441785.343716,327288.3009599999,69050.56404110743,-1,999.0770130675767,0.0,999.0770130675767
2024-06-14 15:00:00,66982.98,67059.46,66344.67,66392.0,1612.81579,22706853236.425346,328901.1167499999,69038.54100831463,-1,999.0770130675767,0.0,999.0770130675767
2024-06-14 16:00:00,66392.0,66520.0,65200.87,65293.4,5528.72338,23069932370.006226,334429.8401299999,68982.87653110876,-1,999.0770130675767,0.0,999.0770130675767
2024-06-14 17:00:00,65293.39,65753.23,65078.31,65416.01,1609.37202,23175210808.660744,336039.2121499999,68965.79318938493,-1,999.0770130675767,0.0,999.0770130675767
2024-06-14 18:00:00,65416.01,65537.31,65078.0,65524.86,1647.78965,23282943389.35249,337687.0017999999,68948.29610036976,-1,999.0770130675767,0.0,999.0770130675767
2024-06-14 19:00:00,65524.85,65684.0,65299.99,65520.02,897.89248,23341756546.975437,338584.8942799999,68939.15511680354,-1,999.0770130675767,0.0,999.0770130675767
2024-06-14 20:00:00,65520.02,65970.23,65480.0,65766.41,901.37516,23401011940.45366,339486.2694399999,68930.65801764188,-1,999.0770130675767,0.0,999.0770130675767
2024-06-14 21:00:00,65766.41,66627.52,65725.77,66196.01,1843.14999,23522997320.556828,341329.4194299999,68915.82143677757,-1,999.0770130675767,0.0,999.0770130675767
2024-06-14 22:00:00,66196.01,66252.0,65882.35,66014.01,869.02998,23580396275.666103,342198.4494099999,68908.54215243275,-1,999.0770130675767,0.0,999.0770130675767
2024-06-14 23:00:00,66014.01,66081.39,65916.0,66043.99,348.48115,23603400838.282764,342546.9305599999,68905.59725552244,-1,999.0770130675767,0.0,999.0770130675767
2024-06-15 00:00:00,66043.99,66287.76,65967.5,66185.62,835.37883,23658658608.33562,343382.3093899999,68898.88605608119,-1,999.0770130675767,0.0,999.0770130675767
2024-06-15 01:00:00,66185.62,66290.0,66064.88,66076.01,380.8254,23683847782.687824,343763.13478999987,68895.83374655912,-1,999.0770130675767,0.0,999.0770130675767
2024-06-15 02:00:00,66076.0,66253.29,66050.32,66215.35,310.18359,23704373557.253113,344073.31837999984,68893.37908809785,-1,999.0770130675767,0.0,999.0770130675767
2024-06-15 03:00:00,66215.34,66273.88,66192.0,66267.87,481.86121,23736294252.334057,344555.17958999984,68889.67474115129,-1,999.0770130675767,0.0,999.0770130675767
2024-06-15 04:00:00,66267.87,66380.58,66210.0,66246.85,509.33409,23770052479.48972,345064.51367999986,68885.8214540519,-1,999.0770130675767,0.0,999.0770130675767
2024-06-15 05:00:00,66246.84,66389.1,66215.29,66231.82,459.71934,23800522096.566154,345524.23301999987,68882.35273266207,-1,999.0770130675767,0.0,999.0770130675767
2024-06-15 06:00:00,66231.81,66416.66,66127.0,66168.57,848.80651,23856744841.379692,346373.0395299999,68875.87115253358,-1,999.0770130675767,0.0,999.0770130675767
2024-06-15 07:00:00,66168.57,66200.0,66065.8,66076.99,1073.61193,23927725903.237522,347446.6514599999,68867.33777024822,-1,999.0770130675767,0.0,999.0770130675767
2024-06-15 08:00:00,66076.99,66221.31,66076.98,66221.31,285.96083,23946648846.433277,347732.6122899999,68865.12222345828,-1,999.0770130675767,0.0,999.0770130675767
2024-06-15 09:00:00,66221.31,66280.8,66086.51,66227.0,339.29279,23969109385.605953,348071.9050799999,68862.52247246717,-1,999.0770130675767,0.0,999.0770130675767
2024-06-15 10:00:00,66227.0,66306.31,66195.91,66300.01,361.43381,23993060668.081085,348433.3388899999,68859.83053319612,-1,999.0770130675767,0.0,999.0770130675767
2024-06-15 11:00:00,66300.01,66348.0,66264.01,66319.95,507.09036,24026686161.151722,348940.42924999987,68856.12599489783,-1,999.0770130675767,0.0,999.0770130675767
2024-06-15 12:00:00,66319.94,66360.0,66222.7,66348.01,342.37283,24049388984.53726,349282.8020799999,68853.63047170291,-1,999.0770130675767,0.0,999.0770130675767
2024-06-15 13:00:00,66348.01,66354.82,66240.11,66313.47,340.40198,24071958588.936802,349623.2040599999,68851.14691874324,-1,999.0770130675767,0.0,999.0770130675767
2024-06-15 14:00:00,66313.47,66313.47,66153.84,66220.52,564.32062,24109333135.407486,350187.5246799999,68846.921824067,-1,999.0770130675767,0.0,999.0770130675767
2024-06-15 15:00:00,66220.51,66478.48,66210.83,66316.02,853.45194,24165946963.7271,351040.9766199999,68840.81509916324,-1,999.0770130675767,0.0,999.0770130675767
2024-06-15 16:00:00,66316.02,66360.0,66179.99,66184.0,410.46563,24193136752.97759,351451.4422499999,68837.77911990513,-1,999.0770130675767,0.0,999.0770130675767
2024-06-15 17:00:00,66184.0,66304.94,66133.92,66250.01,426.7889,24221402821.067436,351878.2311499999,68834.61571893105,-1,999.0770130675767,0.0,999.0770130675767
2024-06-15 18:00:00,66250.0,66250.0,66139.5,66145.19,344.05073,24244171489.409042,352222.2818799999,68832.02096132263,-1,999.0770130675767,0.0,999.0770130675767
2024-06-15 19:00:00,66145.19,66208.0,66071.47,66154.7,250.34183,24260730280.493153,352472.6237099999,68830.11232229455,-1,999.0770130675767,0.0,999.0770130675767
2024-06-15 20:00:00,66154.7,66170.99,65857.1,66048.02,711.4407,24307703415.94371,353184.0644099999,68824.46255481587,-1,999.0770130675767,0.0,999.0770130675767
2024-06-15 21:00:00,66048.02,66149.0,66042.85,66126.89,245.18396,24323911607.28218,353429.24836999987,68822.57685084919,-1,999.0770130675767,0.0,999.0770130675767
2024-06-15 22:00:00,66126.89,66200.0,66045.08,66200.0,350.99333,24347129240.43262,353780.2416999999,68819.92370020089,-1,999.0770130675767,0.0,999.0770130675767
2024-06-15 23:00:00,66199.99,66287.76,66199.99,66228.25,218.49128,24361601811.498116,353998.7329799999,68818.3305245742,-1,999.0770130675767,0.0,999.0770130675767
2024-06-16 00:00:00,66228.25,66269.74,66161.95,66161.96,223.59845,24376403555.60473,354222.3314299999,68816.6763998105,-1,999.0770130675767,0.0,999.0770130675767
2024-06-16 01:00:00,66161.96,66218.48,66102.03,66175.68,256.25855,24393359004.214703,354478.58997999993,68814.75974498488,-1,999.0770130675767,0.0,999.0770130675767
2024-06-16 02:00:00,66175.68,66182.26,66114.27,66142.86,149.85752,24403271549.166607,354628.44749999995,68813.63218659048,-1,999.0770130675767,0.0,999.0770130675767
2024-06-16 03:00:00,66142.86,66164.3,66076.55,66146.0,160.87464,24413910020.191437,354789.32213999995,68812.41485209552,-1,999.0770130675767,0.0,999.0770130675767
2024-06-16 04:00:00,66145.99,66207.72,66034.5,66166.02,203.12394,24427343841.337193,354992.44607999997,68810.88347393264,-1,999.0770130675767,0.0,999.0770130675767
2024-06-16 05:00:00,66166.02,66264.0,66166.01,66264.0,292.77588,24446734779.213352,355285.22195999994,68808.75777593054,-1,999.0770130675767,0.0,999.0770130675767
2024-06-16 06:00:00,66264.0,66360.18,66178.77,66312.01,420.12202,24474582001.54473,355705.34397999995,68805.77538616021,-1,999.0770130675767,0.0,999.0770130675767
2024-06-16 07:00:00,66312.01,66357.97,66252.0,66266.3,263.94537,24492079491.767853,355969.2893499999,68803.91152981315,-1,999.0770130675767,0.0,999.0770130675767
2024-06-16 08:00:00,66266.3,66340.0,66241.64,66272.51,215.38158,24506355998.773373,356184.6709299999,68802.38819595228,-1,999.0770130675767,0.0,999.0770130675767
2024-06-16 09:00:00,66272.51,66428.45,66172.5,66409.97,880.00508,24564732872.29853,357064.6760099999,68796.31204855049,-1,999.0770130675767,0.0,999.0770130675767
2024-06-16 10:00:00,66409.97,66770.0,66372.47,66716.31,846.02903,24621094982.225327,357910.70503999986,68791.16672264299,-1,999.0770130675767,0.0,999.0770130675767
2024-06-16 11:00:00,66716.31,66742.39,66435.15,66492.83,454.36316,24651335935.64918,358365.06819999986,68788.33380571436,-1,999.0770130675767,0.0,999.0770130675767
2024-06-16 12:00:00,66492.83,66642.2,66480.0,66597.47,315.8042,24672360039.185387,358680.8723999999,68786.38348930645,-1,999.0770130675767,0.0,999.0770130675767
2024-06-16 13:00:00,66597.48,66762.5,66560.0,66762.49,556.85752,24709499649.625595,359237.7299199999,68783.14161245884,-1,999.0770130675767,0.0,999.0770130675767
2024-06-16 14:00:00,66762.49,66793.72,66504.0,66519.02,655.22459,24753141263.47281,359892.9545099999,68779.17712274921,-1,999.0770130675767,0.0,999.0770130675767
2024-06-16 15:00:00,66519.01,66723.0,66512.06,66712.8,326.44028,24774898275.274075,360219.3947899999,68777.24696005696,-1,999.0770130675767,0.0,999.0770130675767
2024-06-16 16:00:00,66712.8,66744.71,66557.2,66592.19,353.20377,24798432725.180992,360572.5985599999,68775.14493396672,-1,999.0770130675767,0.0,999.0770130675767
2024-06-16 17:00:00,66592.19,66669.99,66522.0,66578.02,372.34466,24823227157.33154,360944.9432199999,68772.89077908348,-1,999.0770130675767,0.0,999.0770130675767
2024-06-16 18:00:00,66578.02,66669.95,66573.51,66590.01,237.38299,24839039512.86843,361182.3262099999,68771.47000384075,-1,999.0770130675767,0.0,999.0770130675767
2024-06-16 19:00:00,66590.01,66647.69,66522.0,66562.52,177.53389,24850859258.268295,361359.86009999993,68770.39207229951,-1,999.0770130675767,0.0,999.0770130675767
2024-06-16 20:00:00,66562.52,66620.01,66461.25,66517.55,309.00194,24871418064.772194,361668.8620399999,68768.48043949512,-1,999.0770130675767,0.0,999.0770130675767
2024-06-16 21:00:00,66517.54,66541.53,66460.0,66525.0,189.30242,24884008349.766594,361858.16445999994,68767.29833331505,-1,999.0770130675767,0.0,999.0770130675767
2024-06-16 22:00:00,66525.01,66998.7,66525.0,66755.99,1146.76764,24960566438.91367,363004.9320999999,68760.9567575726,-1,999.0770130675767,0.0,999.0770130675767
2024-06-16 23:00:00,66755.99,66826.13,66631.4,66676.87,386.32311,24986338620.189,363391.2552099999,68758.7779341296,-1,999.0770130675767,0.0,999.0770130675767
2024-06-17 00:00:00,66676.86,66913.69,66549.37,66583.96,735.55873,25035387397.51283,364126.8139399999,68754.58340082066,-1,999.0770130675767,0.0,999.0770130675767
2024-06-17 01:00:00,66583.96,66610.0,66234.26,66472.26,961.96966,25099299545.838425,365088.7835999999,68748.4816661413,-1,999.0770130675767,0.0,999.0770130675767
2024-06-17 02:00:00,66472.25,66480.0,66213.71,66344.02,1076.67846,25170732758.044525,366165.46205999993,68741.41710809428,-1,999.0770130675767,0.0,999.0770130675767
2024-06-17 03:00:00,66344.01,66431.36,66155.0,66222.0,533.17482,25206065961.897022,366698.63687999995,68737.8229064581,-1,999.0770130675767,0.0,999.0770130675767
2024-06-17 04:00:00,66222.0,66447.88,66170.77,66447.88,497.32084,25239065939.86885,367195.95771999995,68734.5963626172,-1,999.0770130675767,0.0,999.0770130675767
2024-06-17 05:00:00,66447.88,66567.68,66295.0,66351.62,476.40709,25270701641.518646,367672.36480999994,68731.57751352254,-1,999.0770130675767,0.0,999.0770130675767
2024-06-17 06:00:00,66351.62,66398.0,66080.0,66132.4,837.29384,25326133396.34529,368509.65864999994,68725.83337198045,-1,999.0770130675767,0.0,999.0770130675767
2024-06-17 07:00:00,66132.4,66376.0,65939.67,66172.0,1032.03165,25394415248.87021,369541.69029999996,68718.67482192499,-1,999.0770130675767,0.0,999.0770130675767
2024-06-17 08:00:00,66172.0,66317.64,65984.01,66194.51,730.25457,25442732824.85936,370271.94486999995,68713.63919778512,-1,999.0770130675767,0.0,999.0770130675767
2024-06-17 09:00:00,66194.5,66250.01,65645.34,65722.08,1260.94761,25525794566.876972,371532.8924799999,68703.99656001132,-1,999.0770130675767,0.0,999.0770130675767
2024-06-17 10:00:00,65722.07,65960.01,65556.0,65890.0,1393.98219,25617521387.58996,372926.87466999993,68693.14905303808,-1,999.0770130675767,0.0,999.0770130675767
2024-06-17 11:00:00,65890.01,66051.5,65796.01,65817.2,710.24566,25664318221.727512,373637.12032999995,68687.81720365614,-1,999.0770130675767,0.0,999.0770130675767
2024-06-17 12:00:00,65817.2,65827.9,65500.0,65625.01,866.70938,25721218533.232613,374503.82970999996,68680.78906736427,-1,999.0770130675767,0.0,999.0770130675767
2024-06-17 13:00:00,65625.49,65807.05,65189.0,65200.01,1747.87782,25835527447.11441,376251.70752999996,68665.54205618973,-1,999.0770130675767,0.0,999.0770130675767
2024-06-17 14:00:00,65200.0,65790.0,65130.0,65472.98,1382.34399,25926021665.641476,377634.05152,68653.82388396296,-1,999.0770130675767,0.0,999.0770130675767
2024-06-17 15:00:00,65472.98,65788.73,65239.97,65368.0,1356.80458,26014845646.327103,378990.8561,68642.40977746139,-1,999.0770130675767,0.0,999.0770130675767
2024-06-17 16:00:00,65368.0,66056.65,65138.0,65898.0,2064.83382,26150500169.458244,381055.68992,68626.45240895986,-1,999.0770130675767,0.0,999.0770130675767
2024-06-17 17:00:00,65898.01,66607.28,65898.0,66607.28,1936.55029,26279030664.72846,382992.24020999996,68615.04726654332,-1,999.0770130675767,0.0,999.0770130675767
2024-06-17 18:00:00,66607.27,67298.81,66550.03,67101.48,3203.57956,26493617443.970943,386195.81976999994,68601.51272416489,-1,999.0770130675767,0.0,999.0770130675767
2024-06-17 19:00:00,67101.48,67114.0,66562.68,66691.99,1075.11928,26565424184.04593,387270.9390499999,68596.48247609953,-1,999.0770130675767,0.0,999.0770130675767
2024-06-17 20:00:00,66691.99,66764.7,66164.01,66397.94,1425.44933,26660134197.277145,388696.3883799999,68588.58223095577,-1,999.0770130675767,0.0,999.0770130675767
2024-06-17 21:00:00,66397.94,66717.9,66306.46,66572.0,617.52734,26701219600.365307,389313.9157199999,68585.32028320612,-1,999.0770130675767,0.0,999.0770130675767
2024-06-17 22:00:00,66572.0,66702.99,66482.0,66656.0,436.26182,26730280598.367973,389750.1775399999,68583.1133345017,-1,999.0770130675767,0.0,999.0770130675767
2024-06-17 23:00:00,66656.01,66714.81,66392.79,66504.33,1027.24618,26798630795.89295,390777.4237199999,68577.73548119485,-1,999.0770130675767,0.0,999.0770130675767
2024-06-18 00:00:00,66504.33,66588.23,65485.71,65749.99,1865.04054,26921614012.303654,392642.4642599999,68565.21253512891,-1,999.0770130675767,0.0,999.0770130675767
2024-06-18 01:00:00,65749.98,65966.11,64600.0,65133.99,4761.20322,27232203327.728428,397403.66747999995,68525.29444534867,-1,999.0770130675767,0.0,999.0770130675767
2024-06-18 02:00:00,65133.99,65653.68,64569.0,65467.43,3252.7603,27444381001.365307,400656.42777999997,68498.54163935936,-1,999.0770130675767,0.0,999.0770130675767
2024-06-18 03:00:00,65467.42,65575.16,65268.0,65500.0,1162.36152,27520454912.665043,401818.78929999995,68489.71637341262,-1,999.0770130675767,0.0,999.0770130675767
2024-06-18 04:00:00,65500.0,65769.25,65344.24,65574.21,1102.05127,27592708222.5245,402920.84056999994,68481.710162944,-1,999.0770130675767,0.0,999.0770130675767
2024-06-18 05:00:00,65574.21,65845.47,65555.0,65596.01,1048.15462,27661535812.736416,403968.9951899999,68474.40309057948,-1,999.0770130675767,0.0,999.0770130675767
2024-06-18 06:00:00,65596.01,65732.16,65389.44,65500.0,1274.92399,27745095011.000477,405243.9191799999,68465.17294359882,-1,999.0770130675767,0.0,999.0770130675767
2024-06-18 07:00:00,65499.99,65800.0,65489.56,65672.51,915.19877,27805181492.400696,406159.1179499999,68458.83857720914,-1,999.0770130675767,0.0,999.0770130675767
2024-06-18 08:00:00,65672.51,65750.01,65588.0,65727.53,529.04939,27839933960.309704,406688.1673399999,68455.23473771226,-1,999.0770130675767,0.0,999.0770130675767
2024-06-18 09:00:00,65727.54,65727.54,65439.97,65469.92,727.65859,27887628931.994713,407415.82592999993,68450.03840569075,-1,999.0770130675767,0.0,999.0770130675767
2024-06-18 10:00:00,65469.92,65612.84,65344.99,65435.52,904.28749,27946827615.169445,408320.11341999995,68443.4263624511,-1,999.0770130675767,0.0,999.0770130675767
2024-06-18 11:00:00,65435.51,65487.83,65100.0,65366.0,1571.16015,28049452564.814735,409891.27356999996,68431.44602839304,-1,999.0770130675767,0.0,999.0770130675767
2024-06-18 12:00:00,65366.0,65433.97,65001.0,65231.95,1933.01425,28175528213.01927,411824.28781999997,68416.38302142642,-1,999.0770130675767,0.0,999.0770130675767
2024-06-18 13:00:00,65231.95,65268.0,64638.06,64844.0,3060.79121,28374224636.950928,414885.07902999996,68390.56420946681,-1,999.0770130675767,0.0,999.0770130675767
2024-06-18 14:00:00,64844.01,65406.0,64359.92,64633.99,3780.769,28619218354.72786,418665.84802999994,68358.13928791517,-1,999.0770130675767,0.0,999.0770130675767
2024-06-18 15:00:00,64634.0,64929.95,64261.12,64706.0,2620.93731,28788615709.748753,421286.78533999994,68334.96020178955,-1,999.0770130675767,0.0,999.0770130675767
2024-06-18 16:00:00,64705.99,64868.98,64336.0,64700.99,2052.90247,28921305724.669003,423339.6878099999,68317.01954117102,-1,999.0770130675767,0.0,999.0770130675767
2024-06-18 17:00:00,64700.99,64904.91,64400.0,64610.0,1492.33413,29017767670.838627,424832.0219399999,68304.09708366306,-1,999.0770130675767,0.0,999.0770130675767
2024-06-18 18:00:00,64609.99,64867.88,64321.0,64678.01,1240.60852,29097938642.66526,426072.6304599999,68293.3766744189,-1,999.0770130675767,0.0,999.0770130675767
2024-06-18 19:00:00,64678.0,64738.83,64060.0,64412.19,2189.08648,29238923853.221596,428261.7169399999,68273.49421316128,-1,999.0770130675767,0.0,999.0770130675767
2024-06-18 20:00:00,64412.18,65048.21,64178.1,64936.51,2194.40345,29380947707.24484,430456.1203899999,68255.38380224504,-1,999.0770130675767,0.0,999.0770130675767
2024-06-18 21:00:00,64936.5,65305.0,64797.48,65220.02,1082.28714,29451412717.212387,431538.40752999985,68247.48899126661,-1,999.0770130675767,0.0,999.0770130675767
2024-06-18 22:00:00,65220.02,65300.0,65052.44,65279.99,777.47664,29502112598.662865,432315.88416999986,68242.02782949731,-1,999.0770130675767,0.0,999.0770130675767
2024-06-18 23:00:00,65279.99,65279.99,65056.29,65175.32,811.64199,29555007740.026894,433127.52615999983,68236.27212533497,-1,999.0770130675767,0.0,999.0770130675767
2024-06-19 00:00:00,65175.32,65225.89,64855.96,65142.54,1039.9205,29622680355.11389,434167.44665999984,68228.6997401527,-1,999.0770130675767,0.0,999.0770130675767
2024-06-19 01:00:00,65142.53,65500.0,64810.62,65035.59,2158.94373,29763260846.866814,436326.39038999984,68213.29514417783,-1,999.0770130675767,0.0,999.0770130675767
2024-06-19 02:00:00,65035.59,65489.43,65012.0,65327.94,984.48214,29827524352.61763,437310.8725299998,68206.68368031815,-1,999.0770130675767,0.0,999.0770130675767
2024-06-19 03:00:00,65327.94,65603.91,65282.0,65404.0,1078.82025,29898111529.21052,438389.6927799998,68199.85054761427,-1,999.0770130675767,0.0,999.0770130675767
2024-06-19 04:00:00,65404.0,65727.54,65349.99,65425.56,1171.36875,29974837388.845333,439561.06152999983,68192.658568324,-1,999.0770130675767,0.0,999.0770130675767
2024-06-19 05:00:00,65425.56,65557.13,65335.0,65413.09,619.02934,30015343619.103718,440180.09086999984,68188.78055065937,-1,999.0770130675767,0.0,999.0770130675767
2024-06-19 06:00:00,65413.09,65600.0,65400.0,65599.99,707.43631,30061704276.26093,440887.52717999986,68184.51968587382,-1,999.0770130675767,0.0,999.0770130675767
2024-06-19 07:00:00,65600.0,65656.24,65158.05,65326.89,1101.37468,30133712586.046703,441988.90185999987,68177.53219421688,-1,999.0770130675767,0.0,999.0770130675767
2024-06-19 08:00:00,65326.89,65356.0,65102.0,65183.89,692.85427,30178896359.005825,442681.7561299999,68172.89382520512,-1,999.0770130675767,0.0,999.0770130675767
2024-06-19 09:00:00,65183.89,65306.66,65072.0,65306.65,802.0825,30231214946.558517,443483.8386299999,68167.56849572713,-1,999.0770130675767,0.0,999.0770130675767
2024-06-19 10:00:00,65306.66,65520.0,65132.09,65520.0,712.38788,30277798486.328606,444196.2265099999,68163.11503638355,-1,999.0770130675767,0.0,999.0770130675767
2024-06-19 11:00:00,65520.0,65544.0,65000.0,65210.0,1644.40047,30385097809.530067,445840.6269799999,68152.37546957137,-1,999.0770130675767,0.0,999.0770130675767
2024-06-19 12:00:00,65210.0,65310.02,65030.48,65192.21,629.09782,30426100876.729965,446469.7247999999,68148.18382222805,-1,999.0770130675767,0.0,999.0770130675767
2024-06-19 13:00:00,65192.21,65245.21,65054.0,65090.22,580.28069,30463894447.816334,447050.0054899999,68144.2659069552,-1,999.0770130675767,0.0,999.0770130675767
2024-06-19 14:00:00,65090.22,65141.89,64832.57,64952.02,1222.80938,30543347090.534462,448272.8148699999,68135.62205281643,-1,999.0770130675767,0.0,999.0770130675767
2024-06-19 15:00:00,64952.02,65129.57,64756.28,64922.0,798.50963,30595199071.94266,449071.3244999999,68129.93260259411,-1,999.0770130675767,0.0,999.0770130675767
2024-06-19 16:00:00,64921.99,65100.03,64807.35,64922.26,801.58932,30647256858.157143,449872.9138199999,68124.25446538335,-1,999.0770130675767,0.0,999.0770130675767
2024-06-19 17:00:00,64922.26,65284.37,64894.25,65083.99,873.5408,30704113477.006973,450746.4546199999,68118.36934556026,-1,999.0770130675767,0.0,999.0770130675767
2024-06-19 18:00:00,65083.99,65158.79,64964.06,64973.0,464.92693,30734348581.872387,451211.38154999993,68115.18910780542,-1,999.0770130675767,0.0,999.0770130675767
2024-06-19 19:00:00,64973.0,64985.49,64791.76,64882.01,447.24346,30763368608.8602,451658.62500999996,68111.99190135932,-1,999.0770130675767,0.0,999.0770130675767
2024-06-19 20:00:00,64882.02,64933.74,64666.0,64874.76,590.94408,30801676460.35552,452249.56908999995,68107.69664708256,-1,999.0770130675767,0.0,999.0770130675767
2024-06-19 21:00:00,64874.76,65087.76,64836.98,65004.38,353.32839,30824634457.733425,452602.8974799999,68105.25215229215,-1,999.0770130675767,0.0,999.0770130675767
2024-06-19 22:00:00,65004.38,65048.23,64836.0,64836.01,305.3068,30844450928.856636,452908.20427999995,68103.09603000208,-1,999.0770130675767,0.0,999.0770130675767
2024-06-19 23:00:00,64836.01,64995.19,64805.01,64974.37,280.11764,30862637526.48344,453188.32191999996,68101.13154665873,-1,999.0770130675767,0.0,999.0770130675767
2024-06-20 00:00:00,64974.37,65100.36,64818.72,65098.01,1043.19496,30930451141.617397,454231.51687999995,68094.0225241761,-1,999.0770130675767,0.0,999.0770130675767
2024-06-20 01:00:00,65098.0,65407.4,65033.02,65158.56,717.01787,30977200462.955322,454948.53474999993,68089.46088809296,-1,999.0770130675767,0.0,999.0770130675767
2024-06-20 02:00:00,65158.57,65237.11,64960.0,65197.45,627.73522,31018085811.991455,455576.2699699999,68085.38516291471,-1,999.0770130675767,0.0,999.0770130675767
2024-06-20 03:00:00,65197.45,65244.21,65092.0,65189.99,376.17873,31042603411.190697,455952.4486999999,68082.9843105319,-1,999.0770130675767,0.0,999.0770130675767
2024-06-20 04:00:00,65190.0,65338.72,65070.91,65306.01,479.52516,31073886935.719196,456431.9738599999,68079.9959585005,-1,999.0770130675767,0.0,999.0770130675767
2024-06-20 05:00:00,65306.01,65613.3,65252.0,65513.93,797.99923,31126123760.495193,457229.9730899999,68075.42285590366,-1,999.0770130675767,0.0,999.0770130675767
2024-06-20 06:00:00,65513.93,65635.83,65386.0,65465.24,818.36715,31179723281.657776,458048.34023999993,68070.81380388975,-1,999.0770130675767,0.0,999.0770130675767
2024-06-20 07:00:00,65465.24,65967.39,65465.23,65858.84,1122.59755,31253549584.868416,459170.93778999994,68065.1735828327,-1,999.0770130675767,0.0,999.0770130675767
2024-06-20 08:00:00,65858.84,65927.48,65603.33,65690.63,700.1449,31299577446.663967,459871.08268999995,68061.63428145596,-1,999.0770130675767,0.0,999.0770130675767
2024-06-20 09:00:00,65690.63,65750.32,65559.45,65719.99,726.30298,31347278547.276196,460597.38566999993,68057.87336738229,-1,999.0770130675767,0.0,999.0770130675767
2024-06-20 10:00:00,65719.99,66287.49,65646.0,66209.49,869.96099,31404737434.956978,461467.3466599999,68054.08370117111,-1,999.0770130675767,0.0,999.0770130675767
2024-06-20 11:00:00,66209.49,66482.94,66109.38,66169.85,1420.28827,31498837294.48056,462887.63492999994,68048.5606387908,-1,999.0770130675767,0.0,999.0770130675767
2024-06-20 12:00:00,66169.86,66300.5,65864.88,65979.99,1282.52182,31583545881.332886,464170.15674999997,68043.03426672828,-1,999.0770130675767,0.0,999.0770130675767
2024-06-20 13:00:00,65979.99,65998.0,65136.22,65142.65,2651.10672,31756996191.012074,466821.26346999995,68028.169828757,-1,999.0770130675767,0.0,999.0770130675767
2024-06-20 14:00:00,65142.65,65188.99,64658.06,64952.02,1979.37081,31885522722.003124,468800.63427999994,68015.10149612746,-1,999.0770130675767,0.0,999.0770130675767
2024-06-20 15:00:00,64952.02,65126.91,64788.4,64831.23,1418.7677,31977622755.549377,470219.40197999997,68005.74927554668,-1,999.0770130675767,0.0,999.0770130675767
2024-06-20 16:00:00,64831.24,64950.0,64559.15,64888.0,1552.4506,32078220079.601307,471771.85257999995,67995.19705165474,-1,999.0770130675767,0.0,999.0770130675767
2024-06-20 17:00:00,64887.99,65027.26,64690.79,64970.02,778.89348,32128767169.05357,472550.74606,67990.08876175633,-1,999.0770130675767,0.0,999.0770130675767
2024-06-20 18:00:00,64970.01,65217.21,64940.0,65116.01,712.23293,32175127174.930614,473262.97899,67985.72591415496,-1,999.0770130675767,0.0,999.0770130675767
2024-06-20 19:00:00,65116.01,65116.01,64830.0,65050.0,2164.87422,32315841119.947903,475427.85321,67972.12427029124,-1,999.0770130675767,0.0,999.0770130675767
2024-06-20 20:00:00,65049.99,65200.11,65001.97,65099.99,776.74481,32366407743.03282,476204.59802,67967.4406286885,-1,999.0770130675767,0.0,999.0770130675767
2024-06-20 21:00:00,65100.0,65188.23,65040.51,65050.46,272.03163,32384115116.059853,476476.62964999996,67965.79958149865,-1,999.0770130675767,0.0,999.0770130675767
2024-06-20 22:00:00,65050.47,65150.48,64970.0,64989.95,288.29161,32402864682.72402,476764.92126,67964.02847149356,-1,999.0770130675767,0.0,999.0770130675767
2024-06-20 23:00:00,64989.95,65064.42,64848.7,64869.99,688.69097,32447579805.712524,477453.61222999997,67959.64880056621,-1,999.0770130675767,0.0,999.0770130675767
2024-06-21 00:00:00,64869.99,64940.0,64635.49,64832.0,752.02054,32496312614.249138,478205.63276999997,67954.68390034359,-1,999.0770130675767,0.0,999.0770130675767
2024-06-21 01:00:00,64832.0,65015.4,64655.17,64967.98,938.18606,32557181672.36534,479143.81882999995,67948.6625787332,-1,999.0770130675767,0.0,999.0770130675767
2024-06-21 02:00:00,64967.99,65066.66,64721.01,64786.0,555.58921,32593216016.232708,479699.40803999995,67945.08283719813,-1,999.0770130675767,0.0,999.0770130675767
2024-06-21 03:00:00,64786.0,64832.75,64345.0,64506.14,905.30357,32651663588.58887,480604.71160999994,67938.70888033444,-1,999.0770130675767,0.0,999.0770130675767
2024-06-21 04:00:00,64506.15,64673.02,64318.0,64670.0,832.17164,32705383324.794697,481436.88324999996,67932.85779023184,-1,999.0770130675767,0.0,999.0770130675767
2024-06-21 05:00:00,64670.0,64681.02,64508.0,64661.47,524.09296,32739248550.495213,481960.97620999994,67929.25188248037,-1,999.0770130675767,0.0,999.0770130675767
2024-06-21 06:00:00,64661.47,64736.1,64562.5,64627.64,627.49011,32779810816.38504,482588.46631999995,67924.97770688338,-1,999.0770130675767,0.0,999.0770130675767
2024-06-21 07:00:00,64627.64,64739.09,64190.76,64201.63,1033.34054,32846334345.663105,483621.80685999995,67917.39718877387,-1,999.0770130675767,0.0,999.0770130675767
2024-06-21 08:00:00,64201.63,64372.15,63522.75,63639.64,2349.97676,32996368251.575535,485971.78361999994,67897.70386623242,-1,999.0770130675767,0.0,999.0770130675767
2024-06-21 09:00:00,63639.64,64300.0,63564.37,64100.0,1803.08001,33111743957.635284,487774.8636299999,67883.25193967373,-1,999.0770130675767,0.0,999.0770130675767
2024-06-21 10:00:00,64100.0,64174.0,63814.0,63896.02,856.49464,33166526502.5125,488631.3582699999,67876.37743909568,-1,999.0770130675767,0.0,999.0770130675767
2024-06-21 11:00:00,63896.02,64060.01,63672.55,63770.0,1106.70545,33237172144.79282,489738.0637199999,67867.2429345734,-1,999.0770130675767,0.0,999.0770130675767
2024-06-21 12:00:00,63770.01,63929.98,63505.0,63827.39,1278.63406,33318690338.35226,491016.69777999993,67856.53214848653,-1,999.0770130675767,0.0,999.0770130675767
2024-06-21 13:00:00,63827.39,63879.07,63379.35,63615.21,2331.22014,33467013155.16923,493347.9179199999,67836.53470408719,-1,999.0770130675767,0.0,999.0770130675767
2024-06-21 14:00:00,63615.21,64360.0,63452.47,64222.84,2304.87226,33614552108.15573,495652.7901799999,67818.74887852112,-1,999.0770130675767,0.0,999.0770130675767
2024-06-21 15:00:00,64222.83,64353.54,63445.41,63732.02,2003.80076,33742482075.90558,497656.5909399999,67802.74327759029,-1,999.0770130675767,0.0,999.0770130675767
2024-06-21 16:00:00,63732.02,63838.71,63564.56,63657.29,1135.06578,33814770843.760124,498791.6567199999,67793.37703064724,-1,999.0770130675767,0.0,999.0770130675767
2024-06-21 17:00:00,63657.28,63891.68,63465.17,63671.04,964.64571,33876195588.619743,499756.3024299999,67785.4294661241,-1,999.0770130675767,0.0,999.0770130675767
2024-06-21 18:00:00,63671.04,64187.03,63648.02,64172.01,1073.12054,33944877828.59008,500829.4229699999,67777.32351923622,-1,999.0770130675767,0.0,999.0770130675767
2024-06-21 19:00:00,64172.01,64264.95,63944.12,64232.01,862.93662,34000232646.964863,501692.3595899999,67771.07922223693,-1,999.0770130675767,0.0,999.0770130675767
